Activo,Nombre,Catalogo_faltante,Etiqueta
AM,Amistad,0,AM | Amistad
AP,Apaika,0,AP | Apaika
AU,Auca,0,AU | Auca
CU,Cuyabeno,0,CU | Cuyabeno
EY,Edén Yuturi,0,EY | Edén Yuturi
IN,Indillana,0,IN | Indillana
ITT,Ishpingo-Tiputini-Tambococha,0,ITT | Ishpingo-Tiputini-Tambococha
LA,Lago Agrio,0,LA | Lago Agrio
LI,Libertador,0,LI | Libertador
OY,Oso Yuralpa,0,OY | Oso Yuralpa
PA,Palo Azul,0,PA | Palo Azul
SA,Sacha,0,SA | Sacha
SH,Shushufindi,0,SH | Shushufindi
AB16,AB16 (sin catálogo),1,AB16 | AB16 (sin catálogo)
AV,Amazonia Viva,0,AV | Amazonia Viva
AIT,Amo-Iro-Tivacuno,0,AIT | Amo-Iro-Tivacuno
