Mes,Anio,Mes_numero,Mes_nombre,Anio_mes,Trimestre,Dias_mes,Con_produccion,Con_precio
2021-01-01,2021,1,enero,2021-01,T1,31,0,1
2021-02-01,2021,2,febrero,2021-02,T1,28,0,1
2021-03-01,2021,3,marzo,2021-03,T1,31,0,1
2021-04-01,2021,4,abril,2021-04,T2,30,0,1
2021-05-01,2021,5,mayo,2021-05,T2,31,0,1
2021-06-01,2021,6,junio,2021-06,T2,30,0,1
2021-07-01,2021,7,julio,2021-07,T3,31,0,1
2021-08-01,2021,8,agosto,2021-08,T3,31,0,1
2021-09-01,2021,9,septiembre,2021-09,T3,30,0,1
2021-10-01,2021,10,octubre,2021-10,T4,31,0,1
2021-11-01,2021,11,noviembre,2021-11,T4,30,0,1
2021-12-01,2021,12,diciembre,2021-12,T4,31,0,1
2022-01-01,2022,1,enero,2022-01,T1,31,1,1
2022-02-01,2022,2,febrero,2022-02,T1,28,1,1
2022-03-01,2022,3,marzo,2022-03,T1,31,1,1
2022-04-01,2022,4,abril,2022-04,T2,30,1,1
2022-05-01,2022,5,mayo,2022-05,T2,31,1,1
2022-06-01,2022,6,junio,2022-06,T2,30,1,1
2022-07-01,2022,7,julio,2022-07,T3,31,1,1
2022-08-01,2022,8,agosto,2022-08,T3,31,1,1
2022-09-01,2022,9,septiembre,2022-09,T3,30,1,1
2022-10-01,2022,10,octubre,2022-10,T4,31,1,1
2022-11-01,2022,11,noviembre,2022-11,T4,30,1,1
2022-12-01,2022,12,diciembre,2022-12,T4,31,1,1
2023-01-01,2023,1,enero,2023-01,T1,31,1,1
2023-02-01,2023,2,febrero,2023-02,T1,28,1,1
2023-03-01,2023,3,marzo,2023-03,T1,31,1,1
2023-04-01,2023,4,abril,2023-04,T2,30,1,1
2023-05-01,2023,5,mayo,2023-05,T2,31,1,1
2023-06-01,2023,6,junio,2023-06,T2,30,1,1
2023-07-01,2023,7,julio,2023-07,T3,31,1,1
2023-08-01,2023,8,agosto,2023-08,T3,31,1,1
2023-09-01,2023,9,septiembre,2023-09,T3,30,1,1
2023-10-01,2023,10,octubre,2023-10,T4,31,1,1
2023-11-01,2023,11,noviembre,2023-11,T4,30,1,1
2023-12-01,2023,12,diciembre,2023-12,T4,31,1,1
2024-01-01,2024,1,enero,2024-01,T1,31,1,1
2024-02-01,2024,2,febrero,2024-02,T1,29,1,1
2024-03-01,2024,3,marzo,2024-03,T1,31,1,1
2024-04-01,2024,4,abril,2024-04,T2,30,1,1
2024-05-01,2024,5,mayo,2024-05,T2,31,1,1
2024-06-01,2024,6,junio,2024-06,T2,30,1,1
2024-07-01,2024,7,julio,2024-07,T3,31,1,1
2024-08-01,2024,8,agosto,2024-08,T3,31,1,1
2024-09-01,2024,9,septiembre,2024-09,T3,30,1,1
2024-10-01,2024,10,octubre,2024-10,T4,31,1,1
2024-11-01,2024,11,noviembre,2024-11,T4,30,1,1
2024-12-01,2024,12,diciembre,2024-12,T4,31,1,1
2025-01-01,2025,1,enero,2025-01,T1,31,1,1
2025-02-01,2025,2,febrero,2025-02,T1,28,1,1
2025-03-01,2025,3,marzo,2025-03,T1,31,1,1
2025-04-01,2025,4,abril,2025-04,T2,30,1,1
2025-05-01,2025,5,mayo,2025-05,T2,31,1,1
2025-06-01,2025,6,junio,2025-06,T2,30,1,1
2025-07-01,2025,7,julio,2025-07,T3,31,1,1
2025-08-01,2025,8,agosto,2025-08,T3,31,1,1
2025-09-01,2025,9,septiembre,2025-09,T3,30,1,1
2025-10-01,2025,10,octubre,2025-10,T4,31,1,1
2025-11-01,2025,11,noviembre,2025-11,T4,30,1,1
2025-12-01,2025,12,diciembre,2025-12,T4,31,1,1
2026-01-01,2026,1,enero,2026-01,T1,31,1,1
2026-02-01,2026,2,febrero,2026-02,T1,28,1,1
2026-03-01,2026,3,marzo,2026-03,T1,31,1,1
2026-04-01,2026,4,abril,2026-04,T2,30,1,1
2026-05-01,2026,5,mayo,2026-05,T2,31,1,1
2026-06-01,2026,6,junio,2026-06,T2,30,1,1
2026-07-01,2026,7,julio,2026-07,T3,31,1,1
2026-08-01,2026,8,agosto,2026-08,T3,31,1,0
