Mes,Activo,Crudo_bbl,Gas_miles_pies3,Crudo_diario_bbl,Gas_diario_miles_pies3,Conflicto_crudo,Conflicto_gas,Atipico_crudo,Atipico_gas,Filas_origen,Referencias_origen
2022-01-01,AM,1553.440000000,768993.480000000,50.110967742,24806.241290323,0,0,1,0,1,2
2022-01-01,AP,111303.525000000,10983.318000000,3590.436290323,354.300580645,0,0,0,0,1,3
2022-01-01,AU,2201299.520000000,284893.113000000,71009.661935484,9190.100419355,0,0,0,0,1,4
2022-01-01,CU,743335.360000000,156702.520000000,23978.560000000,5054.920000000,0,0,1,0,1,5
2022-01-01,EY,829270.640000000,117907.832000000,26750.665806452,3803.478451613,0,0,1,0,1,6
2022-01-01,IN,462464.870000000,97778.667000000,14918.221612903,3154.150548387,0,0,0,0,1,7
2022-01-01,ITT,1456841.555000000,55114.627000000,46994.888870968,1777.891193548,0,0,0,0,1,8
2022-01-01,LA,387984.160000000,170337.257000000,12515.618064516,5494.750225806,0,0,0,1,1,9
2022-01-01,LI,327298.770000000,255150.873000000,10558.024838710,8230.673322581,0,0,0,0,1,10
2022-01-01,OY,540798.120000000,24619.359000000,17445.100645161,794.172870968,0,0,0,1,1,11
2022-01-01,PA,230546.420000000,235705.862000000,7436.981290323,7603.414903226,0,0,0,0,1,12
2022-01-01,SA,1887772.000000000,536365.465000000,60895.870967742,17302.111774194,0,0,1,0,1,13
2022-01-01,SH,1826594.940000000,539672.655000000,58922.417419355,17408.795322581,0,0,0,0,1,14
2022-02-01,AM,1387.980000000,687928.860000000,49.570714286,24568.887857143,0,0,1,0,1,15
2022-02-01,AP,91717.735000000,9530.762000000,3275.633392857,340.384357143,0,0,0,0,1,16
2022-02-01,AU,2115838.510000000,277218.147000000,75565.661071429,9900.648107143,0,0,0,0,1,17
2022-02-01,CU,734898.820000000,151258.263000000,26246.386428571,5402.080821429,0,0,1,1,1,18
2022-02-01,EY,756641.333000000,118164.248000000,27022.904750000,4220.151714286,0,0,1,0,1,19
2022-02-01,IN,445624.730000000,97782.841000000,15915.168928571,3492.244321429,0,0,0,0,1,20
2022-02-01,ITT,1204598.662000000,45219.219000000,43021.380785714,1614.972107143,0,0,0,0,1,21
2022-02-01,LA,354998.010000000,147013.753000000,12678.500357143,5250.491178571,0,0,0,1,1,22
2022-02-01,LI,314280.840000000,224539.423000000,11224.315714286,8019.265107143,0,0,0,0,1,23
2022-02-01,OY,506917.950000000,23442.389000000,18104.212500000,837.228178571,0,0,0,0,1,24
2022-02-01,PA,218043.880000000,215029.654000000,7787.281428571,7679.630500000,0,0,0,0,1,25
2022-02-01,SA,1880795.190000000,525704.747000000,67171.256785714,18775.169535714,0,0,0,0,1,26
2022-02-01,SH,1797858.230000000,521861.129000000,64209.222500000,18637.897464286,0,0,0,0,1,27
2022-03-01,AM,1419.900000000,753575.080000000,45.803225806,24308.873548387,0,0,1,0,1,28
2022-03-01,AP,118699.060000000,13348.522000000,3829.001935484,430.597483871,0,0,0,0,1,29
2022-03-01,AU,2315169.720000000,308295.643000000,74682.894193548,9945.020741935,0,0,0,0,1,30
2022-03-01,CU,791663.080000000,169258.872000000,25537.518709677,5459.963612903,0,0,1,1,1,31
2022-03-01,EY,928630.599000000,146738.458000000,29955.825774194,4733.498645161,0,0,0,0,1,32
2022-03-01,IN,499450.380000000,111389.833000000,16111.302580645,3593.220419355,0,0,0,0,1,33
2022-03-01,ITT,1669926.341000000,63263.446000000,53868.591645161,2040.756322581,0,0,0,0,1,34
2022-03-01,LA,412466.270000000,175090.216000000,13305.363548387,5648.071483871,0,0,1,0,1,35
2022-03-01,LI,364777.450000000,255265.082000000,11767.014516129,8234.357483871,0,0,0,0,1,36
2022-03-01,OY,561250.510000000,26023.146000000,18104.855161290,839.456322581,0,0,0,0,1,37
2022-03-01,PA,240211.980000000,233212.808000000,7748.773548387,7522.993806452,0,0,0,0,1,38
2022-03-01,SA,2105172.240000000,583204.437000000,67908.781935484,18813.046354839,0,0,0,0,1,39
2022-03-01,SH,2009004.370000000,595262.122000000,64806.592580645,19202.003935484,0,0,0,0,1,40
2022-04-01,AM,1248.430000000,722747.100000000,41.614333333,24091.570000000,0,0,0,0,1,41
2022-04-01,AP,110420.690000000,12841.212000000,3680.689666667,428.040400000,0,0,0,0,1,42
2022-04-01,AU,2258829.230000000,298718.140000000,75294.307666667,9957.271333333,0,0,0,0,1,43
2022-04-01,CU,766907.950000000,170565.434000000,25563.598333333,5685.514466667,0,0,1,1,1,44
2022-04-01,EY,911653.796000000,140567.238000000,30388.459866667,4685.574600000,0,0,0,0,1,45
2022-04-01,IN,475665.330000000,102233.833000000,15855.511000000,3407.794433333,0,0,0,0,1,46
2022-04-01,ITT,1596696.554000000,62966.354000000,53223.218466667,2098.878466667,0,0,0,0,1,47
2022-04-01,LA,386525.970000000,181279.188000000,12884.199000000,6042.639600000,0,0,0,0,1,48
2022-04-01,LI,349183.720000000,242364.586000000,11639.457333333,8078.819533333,0,0,0,0,1,49
2022-04-01,OY,551953.560000000,25863.001000000,18398.452000000,862.100033333,0,0,0,0,1,50
2022-04-01,PA,224483.010000000,215507.884000000,7482.767000000,7183.596133333,0,0,0,0,1,51
2022-04-01,SA,2046937.090000000,593182.478000000,68231.236333333,19772.749266667,0,0,0,0,1,52
2022-04-01,SH,1932437.830000000,573069.145000000,64414.594333333,19102.304833333,0,0,0,0,1,53
2022-05-01,AM,1244.960000000,743282.520000000,40.160000000,23976.855483871,0,0,0,0,1,54
2022-05-01,AP,115261.929000000,13043.371000000,3718.126741935,420.753903226,0,0,0,0,1,55
2022-05-01,AU,2349026.830000000,317663.614000000,75775.059032258,10247.213354839,0,0,0,0,1,56
2022-05-01,CU,788778.820000000,177334.214000000,25444.478064516,5720.458516129,0,0,1,1,1,57
2022-05-01,EY,923846.472000000,141291.689000000,29801.499096774,4557.796419355,0,0,0,0,1,58
2022-05-01,IN,482392.290000000,106087.458000000,15561.041612903,3422.176064516,0,0,0,0,1,59
2022-05-01,ITT,1605632.449000000,64248.635000000,51794.595129032,2072.536612903,0,0,0,0,1,60
2022-05-01,LA,382168.880000000,184787.270000000,12328.028387097,5960.879677419,0,0,0,0,1,61
2022-05-01,LI,349917.230000000,237630.958000000,11287.652580645,7665.514774194,0,0,0,0,1,62
2022-05-01,OY,593052.400000000,27738.012000000,19130.722580645,894.774580645,0,0,0,0,1,63
2022-05-01,PA,225276.490000000,228851.168000000,7266.983548387,7382.295741935,0,0,0,0,1,64
2022-05-01,SA,2140828.610000000,646162.335000000,69058.987419355,20843.946290323,0,0,0,0,1,65
2022-05-01,SH,2033974.390000000,601619.370000000,65612.077096774,19407.076451613,0,0,0,0,1,66
2022-06-01,AM,1207.370000000,709881.900000000,40.245666667,23662.730000000,0,0,0,0,1,67
2022-06-01,AP,104059.179000000,12306.828000000,3468.639300000,410.227600000,0,0,0,0,1,68
2022-06-01,AU,1830147.830000000,244641.694000000,61004.927666667,8154.723133333,0,0,0,0,1,69
2022-06-01,CU,542440.610000000,120462.292000000,18081.353666667,4015.409733333,0,0,0,1,1,70
2022-06-01,EY,915693.846000000,140375.372000000,30523.128200000,4679.179066667,0,0,0,0,1,71
2022-06-01,IN,350897.390000000,71830.164000000,11696.579666667,2394.338800000,0,0,0,0,1,72
2022-06-01,ITT,1571156.895000000,64722.075000000,52371.896500000,2157.402500000,0,0,0,0,1,73
2022-06-01,LA,280741.290000000,155584.190000000,9358.043000000,5186.139666667,0,0,0,1,1,74
2022-06-01,LI,243536.000000000,152739.224000000,8117.866666667,5091.307466667,0,0,0,0,1,75
2022-06-01,OY,392685.370000000,18901.157000000,13089.512333333,630.038566667,0,0,1,1,1,76
2022-06-01,PA,183202.180000000,165287.188000000,6106.739333333,5509.572933333,0,0,0,0,1,77
2022-06-01,SA,1497984.400000000,460980.209000000,49932.813333333,15366.006966667,0,0,1,1,1,78
2022-06-01,SH,1623881.010000000,483423.014000000,54129.367000000,16114.100466667,0,0,0,0,1,79
2022-07-01,AM,1255.350000000,720674.590000000,40.495161290,23247.567419355,0,0,0,0,1,80
2022-07-01,AP,102595.476000000,11699.098000000,3309.531483871,377.390258065,0,0,0,0,1,81
2022-07-01,AU,2271767.590000000,298673.100000000,73282.825483871,9634.616129032,0,0,0,0,1,82
2022-07-01,CU,755390.550000000,164788.543000000,24367.437096774,5315.759451613,0,0,1,0,1,83
2022-07-01,EY,956716.693000000,146625.582000000,30861.828806452,4729.857483871,0,0,0,0,1,84
2022-07-01,IN,458793.560000000,92338.500000000,14799.792258065,2978.661290323,0,0,0,0,1,85
2022-07-01,ITT,1607293.501000000,68527.497000000,51848.177451613,2210.564419355,0,0,0,0,1,86
2022-07-01,LA,358918.700000000,174705.681000000,11578.022580645,5635.667129032,0,0,0,0,1,87
2022-07-01,LI,334373.560000000,219041.780000000,10786.243870968,7065.863870968,0,0,0,0,1,88
2022-07-01,OY,520323.160000000,26447.960000000,16784.618064516,853.160000000,0,0,0,0,1,89
2022-07-01,PA,256166.290000000,222303.002000000,8263.428709677,7171.064580645,0,0,0,0,1,90
2022-07-01,SA,2095707.220000000,641922.963000000,67603.458709677,20707.192354839,0,0,0,0,1,91
2022-07-01,SH,1889514.140000000,548314.511000000,60952.069032258,17687.564870968,0,0,0,0,1,92
2022-08-01,AM,1253.700000000,,40.441935484,,0,1,0,0,2,93|110
2022-08-01,AP,109785.831000000,14019.320000000,3541.478419355,452.236129032,0,0,0,0,2,94|106
2022-08-01,AU,2301395.510000000,,74238.564838710,,0,1,0,0,2,95|115
2022-08-01,CU,769633.920000000,173601.770000000,24826.900645161,5600.057096774,0,0,1,1,2,96|111
2022-08-01,EY,952832.426000000,152400.210000000,30736.529870968,4916.135806452,0,0,0,0,2,97|107
2022-08-01,IN,483442.900000000,94161.000000000,15594.932258065,3037.451612903,0,0,0,0,2,98|108
2022-08-01,ITT,1600149.413000000,67250.136000000,51617.723000000,2169.359225806,0,0,0,0,2,99|109
2022-08-01,LA,,176770.656000000,,5702.279225806,1,0,0,0,2,100|112
2022-08-01,LI,349643.790000000,231162.511000000,11278.831935484,7456.855193548,0,0,0,0,2,101|113
2022-08-01,OY,590887.110000000,30891.720000000,19060.874516129,996.507096774,0,0,0,0,2,102|116
2022-08-01,PA,271205.650000000,233574.355000000,8748.569354839,7534.656612903,0,0,0,0,2,103|117
2022-08-01,SA,2159797.640000000,658193.058000000,69670.891612903,21232.034129032,0,0,0,0,2,104|118
2022-08-01,SH,1989905.450000000,625476.445000000,64190.498387097,20176.659516129,0,0,0,0,2,105|114
2022-09-01,AM,1204.560000000,106.190000000,40.152000000,3.539666667,0,0,0,1,1,123
2022-09-01,AP,102165.003000000,12082.949000000,3405.500100000,402.764966667,0,0,0,0,1,119
2022-09-01,AU,2274591.050000000,304997.259000000,75819.701666667,10166.575300000,0,0,0,0,1,128
2022-09-01,CU,710171.070000000,163239.912000000,23672.369000000,5441.330400000,0,0,1,1,1,124
2022-09-01,EY,911640.317000000,141832.611000000,30388.010566667,4727.753700000,0,0,0,0,1,120
2022-09-01,IN,451011.610000000,95573.063000000,15033.720333333,3185.768766667,0,0,0,0,1,121
2022-09-01,ITT,1511848.960000000,66725.971000000,50394.965333333,2224.199033333,0,0,0,0,1,122
2022-09-01,LA,352723.240000000,167685.826000000,11757.441333333,5589.527533333,0,0,0,1,1,125
2022-09-01,LI,356208.990000000,239323.530000000,11873.633000000,7977.451000000,0,0,0,0,1,126
2022-09-01,OY,585650.090000000,29738.190000000,19521.669666667,991.273000000,0,0,0,0,1,129
2022-09-01,PA,260970.620000000,249634.747000000,8699.020666667,8321.158233333,0,0,0,0,1,130
2022-09-01,SA,2087802.110000000,626392.610000000,69593.403666667,20879.753666667,0,0,0,0,1,131
2022-09-01,SH,1875029.660000000,544972.522000000,62500.988666667,18165.750733333,0,0,0,0,1,127
2022-10-01,AM,1237.560000000,110.790000000,39.921290323,3.573870968,0,0,0,1,1,136
2022-10-01,AP,101750.428000000,11972.739000000,3282.271870968,386.217387097,0,0,0,0,1,132
2022-10-01,AU,2377928.920000000,320997.872000000,76707.384516129,10354.770064516,0,0,0,0,1,141
2022-10-01,CU,682846.190000000,160254.166000000,22027.296451613,5169.489225806,0,0,0,0,1,137
2022-10-01,EY,944537.458000000,143838.471000000,30468.950258065,4639.950677419,0,0,0,0,1,133
2022-10-01,IN,473442.990000000,106268.130000000,15272.354516129,3428.004193548,0,0,0,0,1,134
2022-10-01,ITT,1594477.114000000,73948.757000000,51434.745612903,2385.443774194,0,0,0,0,1,135
2022-10-01,LA,359452.640000000,174976.989000000,11595.246451613,5644.419000000,0,0,0,0,1,138
2022-10-01,LI,414455.200000000,278519.545000000,13369.522580645,8984.501451613,0,0,0,0,1,139
2022-10-01,OY,620533.160000000,31049.026000000,20017.198709677,1001.581483871,0,0,0,0,1,142
2022-10-01,PA,270651.250000000,252891.331000000,8730.685483871,8157.784870968,0,0,0,0,1,143
2022-10-01,SA,2133451.460000000,639858.201000000,68821.014838710,20640.587129032,0,0,0,0,1,144
2022-10-01,SH,1991477.470000000,565618.063000000,64241.208709677,18245.743967742,0,0,0,0,1,140
2022-11-01,AM,1041.910000000,98.450000000,34.730333333,3.281666667,0,0,0,1,1,149
2022-11-01,AP,97400.279000000,12531.066000000,3246.675966667,417.702200000,0,0,0,0,1,145
2022-11-01,AU,2319683.030000000,311532.878000000,77322.767666667,10384.429266667,0,0,0,0,1,154
2022-11-01,CU,629564.840000000,146328.011000000,20985.494666667,4877.600366667,0,0,0,0,1,150
2022-11-01,EY,905529.711000000,143284.814000000,30184.323700000,4776.160466667,0,0,0,0,1,146
2022-11-01,IN,458592.100000000,105142.417000000,15286.403333333,3504.747233333,0,0,0,0,1,147
2022-11-01,ITT,1452478.320000000,69221.853000000,48415.944000000,2307.395100000,0,0,0,0,1,148
2022-11-01,LA,339668.050000000,191994.498000000,11322.268333333,6399.816600000,0,0,0,0,1,151
2022-11-01,LI,376126.980000000,273780.062000000,12537.566000000,9126.002066667,0,0,0,0,1,152
2022-11-01,OY,600822.380000000,30158.125000000,20027.412666667,1005.270833333,0,0,0,0,1,155
2022-11-01,PA,249769.670000000,233410.364000000,8325.655666667,7780.345466667,0,0,0,0,1,156
2022-11-01,SA,2112753.360000000,639373.481000000,70425.112000000,21312.449366667,0,0,0,0,1,157
2022-11-01,SH,1931029.300000000,528771.016000000,64367.643333333,17625.700533333,0,0,0,0,1,153
2022-12-01,AM,983.690000000,90.320000000,31.731935484,2.913548387,0,0,0,1,1,162
2022-12-01,AP,103309.694000000,14240.106000000,3332.570774194,459.358258065,0,0,0,0,1,158
2022-12-01,AU,2371898.890000000,325634.589000000,76512.867419355,10504.341580645,0,0,0,0,1,167
2022-12-01,CU,641831.010000000,143156.053000000,20704.226129032,4617.937193548,0,0,0,0,1,163
2022-12-01,EY,948891.390000000,159270.434000000,30609.399677419,5137.755935484,0,0,0,0,1,159
2022-12-01,IN,463523.060000000,102452.750000000,14952.356774194,3304.927419355,0,0,0,0,1,160
2022-12-01,ITT,1602529.976000000,79751.016000000,51694.515354839,2572.613419355,0,0,0,0,1,161
2022-12-01,LA,344622.800000000,221455.028000000,11116.864516129,7143.710580645,0,0,0,0,1,164
2022-12-01,LI,381144.030000000,298192.081000000,12294.968709677,9619.099387097,0,0,0,0,1,165
2022-12-01,OY,630437.880000000,31420.358000000,20336.705806452,1013.559935484,0,0,0,0,1,168
2022-12-01,PA,260896.340000000,255121.474000000,8416.010967742,8229.724967742,0,0,0,0,1,169
2022-12-01,SA,2188559.290000000,657039.649000000,70598.686774194,21194.827387097,0,0,0,0,1,170
2022-12-01,SH,1912260.900000000,543341.938000000,61685.835483871,17527.159290323,0,0,0,0,1,166
2023-01-01,AB16,415251.960000000,120309.950000000,13395.224516129,3880.966129032,0,0,0,1,1,171
2023-01-01,AM,903.100000000,679098.210000000,29.132258065,21906.393870968,0,0,0,0,1,172
2023-01-01,AP,103878.203000000,14499.140000000,3350.909774194,467.714193548,0,0,0,0,1,173
2023-01-01,AU,2386404.410000000,320132.275000000,76980.787419355,10326.847580645,0,0,0,0,1,174
2023-01-01,CU,640063.860000000,148308.733000000,20647.221290323,4784.152677419,0,0,0,0,1,175
2023-01-01,EY,948583.175000000,165661.040000000,30599.457258065,5343.904516129,0,0,0,0,1,176
2023-01-01,IN,476263.050000000,99913.146000000,15363.324193548,3223.004709677,0,0,0,0,1,177
2023-01-01,ITT,1631411.942000000,80894.568000000,52626.191677419,2609.502193548,0,0,0,0,1,178
2023-01-01,LA,321887.560000000,217625.741000000,10383.469677419,7020.185193548,0,0,0,0,1,179
2023-01-01,LI,361271.010000000,285224.067000000,11653.903548387,9200.776354839,0,0,0,0,1,180
2023-01-01,OY,627124.060000000,31574.024000000,20229.808387097,1018.516903226,0,0,0,0,1,181
2023-01-01,PA,264023.560000000,307595.350000000,8516.889032258,9922.430645161,0,0,0,0,1,182
2023-01-01,SA,2195127.880000000,654585.000000000,70810.576774194,21115.645161290,0,0,0,0,1,183
2023-01-01,SH,1924251.060000000,544598.391000000,62072.614838710,17567.690032258,0,0,0,0,1,184
2023-02-01,AB16,328682.320000000,95585.950000000,11738.654285714,3413.783928571,0,0,0,0,1,185
2023-02-01,AM,798.180000000,608293.330000000,28.506428571,21724.761785714,0,0,0,0,1,186
2023-02-01,AP,80466.286000000,11527.404000000,2873.795928571,411.693000000,0,0,0,0,1,187
2023-02-01,AU,1815800.140000000,238208.759000000,64850.005000000,8507.455678571,0,0,0,0,1,188
2023-02-01,CU,520326.550000000,123121.709000000,18583.091071429,4397.203892857,0,0,0,0,1,189
2023-02-01,EY,758843.681000000,137061.806000000,27101.560035714,4895.064500000,0,0,1,0,1,190
2023-02-01,IN,385239.860000000,89639.354000000,13758.566428571,3201.405500000,0,0,0,0,1,191
2023-02-01,ITT,1330805.303000000,63096.660000000,47528.760821429,2253.452142857,0,0,0,0,1,192
2023-02-01,LA,285924.970000000,181091.794000000,10211.606071429,6467.564071429,0,0,0,0,1,193
2023-02-01,LI,296744.070000000,252909.680000000,10598.002500000,9032.488571429,0,0,0,0,1,194
2023-02-01,OY,536725.430000000,27166.095000000,19168.765357143,970.217678571,0,0,0,0,1,195
2023-02-01,PA,218205.280000000,248979.579000000,7793.045714286,8892.127821429,0,0,0,0,1,196
2023-02-01,SA,1922891.150000000,559646.483000000,68674.683928571,19987.374392857,0,0,0,0,1,197
2023-02-01,SH,1586929.890000000,448115.068000000,56676.067500000,16004.109571429,0,0,0,0,1,198
2023-03-01,AB16,349692.670000000,88244.760000000,11280.408709677,2846.605161290,0,0,0,0,1,199
2023-03-01,AM,845.480000000,661274.590000000,27.273548387,21331.438387097,0,0,0,0,1,200
2023-03-01,AP,64027.907000000,9675.658000000,2065.416354839,312.118000000,0,0,1,0,1,201
2023-03-01,AU,2084452.830000000,277587.997000000,67240.413870968,8954.451516129,0,0,0,0,1,202
2023-03-01,CU,609278.680000000,143411.388000000,19654.150967742,4626.173806452,0,0,0,0,1,203
2023-03-01,EY,720411.733000000,152033.072000000,23239.088161290,4904.292645161,0,0,1,0,1,204
2023-03-01,IN,431208.090000000,103824.422000000,13909.938387097,3349.174903226,0,0,0,0,1,205
2023-03-01,ITT,1467529.490000000,65327.432000000,47339.660967742,2107.336516129,0,0,0,0,1,206
2023-03-01,LA,311176.660000000,206358.539000000,10037.956774194,6656.727064516,0,0,0,0,1,207
2023-03-01,LI,320917.610000000,295802.723000000,10352.180967742,9542.023322581,0,0,0,0,1,208
2023-03-01,OY,605850.910000000,31052.070000000,19543.577741935,1001.679677419,0,0,0,0,1,209
2023-03-01,PA,238215.560000000,276315.329000000,7684.372903226,8913.397709677,0,0,0,0,1,210
2023-03-01,SA,2127179.910000000,611409.657000000,68618.706774194,19722.892161290,0,0,0,0,1,211
2023-03-01,SH,1853751.020000000,515348.071000000,59798.420000000,16624.131322581,0,0,0,0,1,212
2023-04-01,AB16,260031.320000000,68715.000000000,8667.710666667,2290.500000000,0,0,0,0,1,213
2023-04-01,AM,820.280000000,636753.240000000,27.342666667,21225.108000000,0,0,0,0,1,214
2023-04-01,AP,84983.532000000,13178.216000000,2832.784400000,439.273866667,0,0,0,0,1,215
2023-04-01,AU,2208100.020000000,289807.890000000,73603.334000000,9660.263000000,0,0,0,0,1,216
2023-04-01,CU,616375.320000000,144804.823000000,20545.844000000,4826.827433333,0,0,0,0,1,217
2023-04-01,EY,813055.486000000,166345.204000000,27101.849533333,5544.840133333,0,0,1,0,1,218
2023-04-01,IN,447374.570000000,109003.000000000,14912.485666667,3633.433333333,0,0,0,0,1,219
2023-04-01,ITT,1644007.212000000,72600.740000000,54800.240400000,2420.024666667,0,0,0,0,1,220
2023-04-01,LA,287061.140000000,198540.549000000,9568.704666667,6618.018300000,0,0,0,0,1,221
2023-04-01,LI,323851.960000000,291071.955000000,10795.065333333,9702.398500000,0,0,0,0,1,222
2023-04-01,OY,585558.980000000,29553.311000000,19518.632666667,985.110366667,0,0,0,0,1,223
2023-04-01,PA,231293.750000000,266079.855000000,7709.791666667,8869.328500000,0,0,0,0,1,224
2023-04-01,SA,2071101.880000000,587331.395000000,69036.729333333,19577.713166667,0,0,0,0,1,225
2023-04-01,SH,1893870.780000000,521451.367000000,63129.026000000,17381.712233333,0,0,0,0,1,226
2023-05-01,AB16,302183.560000000,78951.000000000,9747.856774194,2546.806451613,0,0,0,0,1,227
2023-05-01,AM,838.340000000,654643.270000000,27.043225806,21117.524838710,0,0,0,0,1,228
2023-05-01,AP,98230.264000000,15177.525000000,3168.718193548,489.597580645,0,0,0,0,1,229
2023-05-01,AU,2219256.010000000,284558.273000000,71588.903548387,9179.299129032,0,0,0,0,1,230
2023-05-01,CU,621652.720000000,148408.210000000,20053.313548387,4787.361612903,0,0,0,0,1,231
2023-05-01,EY,919315.710000000,174716.825000000,29655.345483871,5636.026612903,0,0,0,0,1,232
2023-05-01,IN,458577.070000000,109873.720000000,14792.808709677,3544.313548387,0,0,0,0,1,233
2023-05-01,ITT,1713102.866000000,78156.718000000,55261.382774194,2521.184451613,0,0,0,0,1,234
2023-05-01,LA,316006.570000000,218976.039000000,10193.760322581,7063.743193548,0,0,0,0,1,235
2023-05-01,LI,351512.990000000,329481.844000000,11339.128709677,10628.446580645,0,0,0,0,1,236
2023-05-01,OY,585243.090000000,30329.074000000,18878.809354839,978.357225806,0,0,0,0,1,237
2023-05-01,PA,239925.920000000,283314.073000000,7739.545806452,9139.163645161,0,0,0,0,1,238
2023-05-01,SA,2181052.210000000,623653.789000000,70356.522903226,20117.864161290,0,0,0,0,1,239
2023-05-01,SH,1919277.320000000,530935.153000000,61912.171612903,17126.940419355,0,0,0,0,1,240
2023-06-01,AB16,294922.600000000,79065.000000000,9830.753333333,2635.500000000,0,0,0,0,1,241
2023-06-01,AM,811.610000000,630122.370000000,27.053666667,21004.079000000,0,0,0,0,1,242
2023-06-01,AP,96237.159000000,15312.256000000,3207.905300000,510.408533333,0,0,0,0,1,243
2023-06-01,AU,2119154.860000000,278586.886000000,70638.495333333,9286.229533333,0,0,0,0,1,244
2023-06-01,CU,595408.170000000,145230.260000000,19846.939000000,4841.008666667,0,0,0,0,1,245
2023-06-01,EY,905925.420000000,182386.474000000,30197.514000000,6079.549133333,0,0,0,0,1,246
2023-06-01,IN,425865.370000000,103384.166000000,14195.512333333,3446.138866667,0,0,0,0,1,247
2023-06-01,ITT,1685794.001000000,79513.143000000,56193.133366667,2650.438100000,0,0,0,0,1,248
2023-06-01,LA,306682.680000000,219740.948000000,10222.756000000,7324.698266667,0,0,0,0,1,249
2023-06-01,LI,343225.780000000,321233.522000000,11440.859333333,10707.784066667,0,0,0,0,1,250
2023-06-01,OY,557085.220000000,29237.552000000,18569.507333333,974.585066667,0,0,0,0,1,251
2023-06-01,PA,236377.040000000,287675.477000000,7879.234666667,9589.182566667,0,0,0,0,1,252
2023-06-01,SA,2150288.190000000,627363.454000000,71676.273000000,20912.115133333,0,0,0,0,1,253
2023-06-01,SH,1861632.710000000,535386.720000000,62054.423666667,17846.224000000,0,0,0,0,1,254
2023-07-01,AB16,314547.520000000,84751.000000000,10146.694193548,2733.903225806,0,0,0,0,1,255
2023-07-01,AM,853.130000000,650926.920000000,27.520322581,20997.642580645,0,0,0,0,1,256
2023-07-01,AP,101346.225000000,14833.995000000,3269.233064516,478.515967742,0,0,0,0,1,257
2023-07-01,AU,2275692.010000000,303806.980000000,73409.419677419,9800.225161290,0,0,0,0,1,258
2023-07-01,CU,610102.190000000,146561.310000000,19680.715806452,4727.784193548,0,0,0,0,1,259
2023-07-01,EY,963686.644000000,188476.155000000,31086.665935484,6079.875967742,0,0,0,0,1,260
2023-07-01,IN,432102.800000000,109623.924000000,13938.800000000,3536.255612903,0,0,0,0,1,261
2023-07-01,ITT,1770745.141000000,88481.258000000,57120.811000000,2854.234129032,0,0,0,0,1,262
2023-07-01,LA,319621.430000000,227827.111000000,10310.368709677,7349.261645161,0,0,0,0,1,263
2023-07-01,LI,345974.200000000,343928.176000000,11160.458064516,11094.457290323,0,0,0,0,1,264
2023-07-01,OY,578364.840000000,29975.941000000,18656.930322581,966.965838710,0,0,0,0,1,265
2023-07-01,PA,259432.060000000,299078.111000000,8368.776129032,9647.681000000,0,0,0,0,1,266
2023-07-01,SA,2224549.770000000,654093.348000000,71759.670000000,21099.785419355,0,0,0,0,1,267
2023-07-01,SH,1887884.220000000,559231.494000000,60899.490967742,18039.725612903,0,0,0,0,1,268
2023-08-01,AB16,311827.190000000,85791.000000000,10058.941612903,2767.451612903,0,0,0,0,1,269
2023-08-01,AM,1055.200000000,649518.480000000,34.038709677,20952.209032258,0,0,0,0,1,270
2023-08-01,AP,101650.197000000,14886.488000000,3279.038612903,480.209290323,0,0,0,0,1,271
2023-08-01,AU,2392802.040000000,321465.930000000,77187.162580645,10369.868709677,0,0,0,0,1,272
2023-08-01,CU,591624.160000000,144339.229000000,19084.650322581,4656.104161290,0,0,0,0,1,273
2023-08-01,EY,972764.760000000,191945.682000000,31379.508387097,6191.796193548,0,0,0,0,1,274
2023-08-01,IN,414999.050000000,102148.333000000,13387.066129032,3295.107516129,0,0,0,0,1,275
2023-08-01,ITT,1775683.203000000,88386.135000000,57280.103322581,2851.165645161,0,0,0,0,1,276
2023-08-01,LA,324161.800000000,234112.878000000,10456.832258065,7552.028322581,0,0,0,0,1,277
2023-08-01,LI,335525.660000000,348026.245000000,10823.408387097,11226.653064516,0,0,0,0,1,278
2023-08-01,OY,570387.840000000,29084.640000000,18399.607741935,938.214193548,0,0,0,0,1,279
2023-08-01,PA,282779.730000000,293648.788000000,9121.926774194,9472.541548387,0,0,0,0,1,280
2023-08-01,SA,2251137.990000000,668912.442000000,72617.354516129,21577.820709677,0,0,0,0,1,281
2023-08-01,SH,1857544.070000000,563289.360000000,59920.776451613,18170.624516129,0,0,0,0,1,282
2023-09-01,AB16,295451.050000000,83103.380000000,9848.368333333,2770.112666667,0,0,0,0,1,283
2023-09-01,AM,1109.800000000,626714.020000000,36.993333333,20890.467333333,0,0,0,0,1,284
2023-09-01,AP,96288.209000000,14060.405000000,3209.606966667,468.680166667,0,0,0,0,1,285
2023-09-01,AU,2366602.960000000,317565.271000000,78886.765333333,10585.509033333,0,0,0,0,1,286
2023-09-01,CU,565905.510000000,141339.217000000,18863.517000000,4711.307233333,0,0,0,0,1,287
2023-09-01,EY,941272.803000000,187952.755000000,31375.760100000,6265.091833333,0,0,0,0,1,288
2023-09-01,IN,398027.360000000,92077.500000000,13267.578666667,3069.250000000,0,0,0,0,1,289
2023-09-01,ITT,1722398.788000000,85399.932000000,57413.292933333,2846.664400000,0,0,0,0,1,290
2023-09-01,LA,319515.880000000,230301.935000000,10650.529333333,7676.731166667,0,0,0,0,1,291
2023-09-01,LI,324118.140000000,283998.715000000,10803.938000000,9466.623833333,0,0,0,0,1,292
2023-09-01,OY,562794.860000000,28961.256000000,18759.828666667,965.375200000,0,0,0,0,1,293
2023-09-01,PA,272787.950000000,285431.700000000,9092.931666667,9514.390000000,0,0,0,0,1,294
2023-09-01,SA,2183825.010000000,661211.006000000,72794.167000000,22040.366866667,0,0,0,0,1,295
2023-09-01,SH,1770302.950000000,535388.839000000,59010.098333333,17846.294633333,0,0,0,0,1,296
2023-10-01,AB16,292691.020000000,84212.830000000,9441.645806452,2716.542903226,0,0,0,0,1,297
2023-10-01,AM,1089.800000000,642620.600000000,35.154838710,20729.696774194,0,0,0,0,1,298
2023-10-01,AP,99030.481000000,13865.657000000,3194.531645161,447.279258065,0,0,0,0,1,299
2023-10-01,AU,2358181.230000000,321235.576000000,76070.362258065,10362.437935484,0,0,0,0,1,300
2023-10-01,AV,814.810000000,0.000000000,26.284193548,0.000000000,0,0,0,0,1,301
2023-10-01,CU,569355.640000000,140516.242000000,18366.310967742,4532.782000000,0,0,0,0,1,302
2023-10-01,EY,985369.030000000,189806.453000000,31786.097741935,6122.788806452,0,0,0,0,1,303
2023-10-01,IN,422515.330000000,104918.000000000,13629.526774194,3384.451612903,0,0,0,0,1,304
2023-10-01,ITT,1783257.469000000,89484.881000000,57524.434483871,2886.609064516,0,0,0,0,1,305
2023-10-01,LA,324252.350000000,235848.163000000,10459.753225806,7608.005258065,0,0,0,0,1,306
2023-10-01,LI,329781.180000000,251920.830000000,10638.102580645,8126.478387097,0,0,0,0,1,307
2023-10-01,OY,579642.190000000,29926.240000000,18698.135161290,965.362580645,0,0,0,0,1,308
2023-10-01,PA,284936.560000000,296170.369000000,9191.501935484,9553.882870968,0,0,0,0,1,309
2023-10-01,SA,2323341.880000000,719692.379000000,74946.512258065,23215.883193548,0,0,0,0,1,310
2023-10-01,SH,1859158.760000000,539720.803000000,59972.863225806,17410.348483871,0,0,0,0,1,311
2023-11-01,AB16,305086.530000000,82714.230000000,10169.551000000,2757.141000000,0,0,0,0,1,312
2023-11-01,AM,970.890000000,613134.910000000,32.363000000,20437.830333333,0,0,0,0,1,313
2023-11-01,AP,97620.074000000,14033.610000000,3254.002466667,467.787000000,0,0,0,0,1,314
2023-11-01,AU,2346038.910000000,316723.653000000,78201.297000000,10557.455100000,0,0,0,0,1,315
2023-11-01,CU,570552.590000000,135361.500000000,19018.419666667,4512.050000000,0,0,0,0,1,316
2023-11-01,EY,964862.615000000,189768.030000000,32162.087166667,6325.601000000,0,0,0,0,1,317
2023-11-01,IN,417085.400000000,101694.000000000,13902.846666667,3389.800000000,0,0,0,0,1,318
2023-11-01,ITT,1690860.581000000,82532.541000000,56362.019366667,2751.084700000,0,0,0,0,1,319
2023-11-01,LA,313384.030000000,227814.554000000,10446.134333333,7593.818466667,0,0,0,0,1,320
2023-11-01,LI,320246.850000000,253488.738000000,10674.895000000,8449.624600000,0,0,0,0,1,321
2023-11-01,OY,558748.180000000,29356.655000000,18624.939333333,978.555166667,0,0,0,0,1,322
2023-11-01,PA,283642.460000000,296651.030000000,9454.748666667,9888.367666667,0,0,0,0,1,323
2023-11-01,SA,2317620.540000000,709861.664000000,77254.018000000,23662.055466667,0,0,0,0,1,324
2023-11-01,SH,1795828.010000000,508464.519000000,59860.933666667,16948.817300000,0,0,0,0,1,325
2023-12-01,AB16,329658.800000000,88560.740000000,10634.154838710,2856.798064516,0,0,0,0,1,326
2023-12-01,AM,1038.545000000,639216.730000000,33.501451613,20619.894516129,0,0,0,0,1,327
2023-12-01,AP,100581.536000000,13846.485000000,3244.565677419,446.660806452,0,0,0,0,1,328
2023-12-01,AU,2381199.400000000,320643.895000000,76812.883870968,10343.351451613,0,0,0,0,1,329
2023-12-01,CU,611158.770000000,143956.939000000,19714.799032258,4643.772225806,0,0,0,0,1,330
2023-12-01,EY,998827.437000000,191732.875000000,32220.239903226,6184.931451613,0,0,0,0,1,331
2023-12-01,IN,441114.660000000,102179.608000000,14229.505161290,3296.116387097,0,0,0,0,1,332
2023-12-01,ITT,1664583.877000000,83391.295000000,53696.254096774,2690.041774194,0,0,0,0,1,333
2023-12-01,LA,334896.500000000,242922.430000000,10803.112903226,7836.207419355,0,0,0,0,1,334
2023-12-01,LI,356049.640000000,277861.362000000,11485.472258065,8963.269741935,0,0,0,0,1,335
2023-12-01,OY,580422.820000000,30510.008000000,18723.316774194,984.193806452,0,0,0,0,1,336
2023-12-01,PA,301347.490000000,310515.970000000,9720.886774194,10016.644193548,0,0,0,0,1,337
2023-12-01,SA,2354368.250000000,764827.763000000,75947.362903226,24671.863322581,0,0,0,0,1,338
2023-12-01,SH,1871593.360000000,521203.580000000,60373.979354839,16813.018709677,0,0,0,0,1,339
2024-01-01,AB16,333678.940000000,88005.420000000,10763.836774194,2838.884516129,0,0,0,0,1,340
2024-01-01,AM,1019.870000000,643286.830000000,32.899032258,20751.188064516,0,0,0,0,1,341
2024-01-01,AP,100837.787000000,14514.944000000,3252.831838710,468.224000000,0,0,0,0,1,342
2024-01-01,AU,2424969.630000000,323302.041000000,78224.826774194,10429.098096774,0,0,0,0,1,343
2024-01-01,CU,614264.930000000,144142.867000000,19814.997741935,4649.769903226,0,0,0,0,1,344
2024-01-01,EY,988168.093000000,198961.276000000,31876.390096774,6418.105677419,0,0,0,0,1,345
2024-01-01,IN,427526.910000000,101387.375000000,13791.190645161,3270.560483871,0,0,0,0,1,346
2024-01-01,ITT,1715581.200000000,85834.085000000,55341.329032258,2768.841451613,0,0,0,0,1,347
2024-01-01,LA,338016.150000000,242053.916000000,10903.746774194,7808.190838710,0,0,0,0,1,348
2024-01-01,LI,348289.000000000,277985.387000000,11235.129032258,8967.270548387,0,0,0,0,1,349
2024-01-01,OY,579414.500000000,30433.188000000,18690.790322581,981.715741935,0,0,0,0,1,350
2024-01-01,PA,299921.090000000,314925.654000000,9674.873870968,10158.892064516,0,0,0,0,1,351
2024-01-01,SA,2456958.670000000,758497.672000000,79256.731290323,24467.666838710,0,0,0,0,1,352
2024-01-01,SH,1814730.250000000,500002.560000000,58539.685483871,16129.114838710,0,0,0,0,1,353
2024-02-01,AB16,327675.030000000,86116.820000000,11299.138965517,2969.545517241,0,0,0,0,1,354
2024-02-01,AM,985.390000000,601596.620000000,33.978965517,20744.711034483,0,0,0,0,1,355
2024-02-01,AP,88009.863000000,12421.123000000,3034.822862069,428.314586207,0,0,0,0,1,356
2024-02-01,AU,2253577.520000000,300072.502000000,77709.569655172,10347.327655172,0,0,0,0,1,357
2024-02-01,CU,580927.100000000,136681.788000000,20031.968965517,4713.165103448,0,0,0,0,1,358
2024-02-01,EY,890921.625000000,188080.257000000,30721.435344828,6485.526103448,0,0,0,0,1,359
2024-02-01,IN,395014.290000000,88809.271000000,13621.182413793,3062.388655172,0,0,0,0,1,360
2024-02-01,ITT,1592271.252000000,80823.250000000,54905.905241379,2787.008620690,0,0,0,0,1,361
2024-02-01,LA,312445.950000000,226986.998000000,10773.998275862,7827.137862069,0,0,0,0,1,362
2024-02-01,LI,295138.820000000,223145.989000000,10177.200689655,7694.689275862,0,0,0,0,1,363
2024-02-01,OY,521867.250000000,27299.812000000,17995.422413793,941.372827586,0,0,0,0,1,364
2024-02-01,PA,271598.870000000,292881.763000000,9365.478275862,10099.371137931,0,0,0,0,1,365
2024-02-01,SA,2258634.550000000,713696.381000000,77883.950000000,24610.220034483,0,0,0,0,1,366
2024-02-01,SH,1683588.130000000,463411.655000000,58054.763103448,15979.712241379,0,0,0,0,1,367
2024-03-01,AB16,357530.000000000,95321.950000000,11533.225806452,3074.901612903,0,0,0,0,1,368
2024-03-01,AM,1132.740000000,642001.190000000,36.540000000,20709.715806452,0,0,0,0,1,369
2024-03-01,AP,85931.205000000,11786.449000000,2771.974354839,380.208032258,0,0,0,0,1,370
2024-03-01,AU,2381581.180000000,314342.502000000,76825.199354839,10140.080709677,0,0,0,0,1,371
2024-03-01,CU,624685.440000000,169920.487000000,20151.143225806,5481.306032258,0,0,0,1,1,372
2024-03-01,EY,948466.556000000,195019.361000000,30595.695354839,6290.947129032,0,0,0,0,1,373
2024-03-01,IN,420090.130000000,94140.708000000,13551.294516129,3036.797032258,0,0,0,0,1,374
2024-03-01,ITT,1645697.819000000,83391.998000000,53087.026419355,2690.064451613,0,0,0,0,1,375
2024-03-01,LA,322643.050000000,227622.710000000,10407.840322581,7342.668064516,0,0,0,0,1,376
2024-03-01,LI,320683.590000000,236718.662000000,10344.631935484,7636.085870968,0,0,0,0,1,377
2024-03-01,OY,575340.300000000,30702.743000000,18559.364516129,990.411064516,0,0,0,0,1,378
2024-03-01,PA,265448.390000000,303411.372000000,8562.851290323,9787.463612903,0,0,0,0,1,379
2024-03-01,SA,2414653.960000000,755535.136000000,77892.063225806,24372.101161290,0,0,0,0,1,380
2024-03-01,SH,1779514.670000000,486501.057000000,57403.699032258,15693.582483871,0,0,0,0,1,381
2024-04-01,AB16,315302.000000000,84040.550000000,10510.066666667,2801.351666667,0,0,0,0,1,382
2024-04-01,AM,1109.070000000,615823.420000000,36.969000000,20527.447333333,0,0,0,0,1,383
2024-04-01,AP,101627.997000000,13909.594000000,3387.599900000,463.653133333,0,0,0,0,1,384
2024-04-01,AU,2260291.530000000,297166.890000000,75343.051000000,9905.563000000,0,0,0,0,1,385
2024-04-01,CU,594775.620000000,154664.287000000,19825.854000000,5155.476233333,0,0,0,0,1,386
2024-04-01,EY,941416.219000000,192700.446000000,31380.540633333,6423.348200000,0,0,0,0,1,387
2024-04-01,IN,393894.030000000,91826.333000000,13129.801000000,3060.877766667,0,0,0,0,1,388
2024-04-01,ITT,1572691.414000000,78063.488000000,52423.047133333,2602.116266667,0,0,0,0,1,389
2024-04-01,LA,314209.490000000,214621.012000000,10473.649666667,7154.033733333,0,0,0,0,1,390
2024-04-01,LI,307439.280000000,237486.300000000,10247.976000000,7916.210000000,0,0,0,0,1,391
2024-04-01,OY,556160.070000000,30081.672000000,18538.669000000,1002.722400000,0,0,0,0,1,392
2024-04-01,PA,248652.490000000,286851.287000000,8288.416333333,9561.709566667,0,0,0,0,1,393
2024-04-01,SA,2359290.570000000,745964.803000000,78643.019000000,24865.493433333,0,0,0,0,1,394
2024-04-01,SH,1734683.830000000,475949.144000000,57822.794333333,15864.971466667,0,0,0,0,1,395
2024-05-01,AB16,333381.910000000,88733.520000000,10754.255161290,2862.371612903,0,0,0,0,1,396
2024-05-01,AM,1062.160000000,632752.710000000,34.263225806,20411.377741935,0,0,0,0,1,397
2024-05-01,AP,111669.277000000,14834.484000000,3602.234741935,478.531741935,0,0,0,0,1,398
2024-05-01,AU,2293874.630000000,303449.888000000,73995.955806452,9788.706064516,0,0,0,0,1,399
2024-05-01,CU,598115.900000000,157658.461000000,19294.061290323,5085.756806452,0,0,0,0,1,400
2024-05-01,EY,973504.623000000,194860.346000000,31403.374935484,6285.817612903,0,0,0,0,1,401
2024-05-01,IN,423909.820000000,94317.006000000,13674.510322581,3042.484064516,0,0,0,0,1,402
2024-05-01,ITT,1622175.850000000,80593.309000000,52328.253225806,2599.784161290,0,0,0,0,1,403
2024-05-01,LA,336218.100000000,227826.407000000,10845.745161290,7349.238935484,0,0,0,0,1,404
2024-05-01,LI,315259.540000000,244415.908000000,10169.662580645,7884.384129032,0,0,0,0,1,405
2024-05-01,OY,545934.640000000,29167.290000000,17610.794838710,940.880322581,0,0,0,0,1,406
2024-05-01,PA,262061.160000000,293657.872000000,8453.585806452,9472.834580645,0,0,0,0,1,407
2024-05-01,SA,2442477.870000000,797375.832000000,78789.608709677,25721.801032258,0,0,0,0,1,408
2024-05-01,SH,1836060.560000000,500443.959000000,59227.760000000,16143.353516129,0,0,0,0,1,409
2024-06-01,AB16,304661.060000000,74024.800000000,10155.368666667,2467.493333333,0,0,0,0,1,410
2024-06-01,AM,1000.750000000,614430.060000000,33.358333333,20481.002000000,0,0,0,0,1,411
2024-06-01,AP,86903.491000000,11326.859000000,2896.783033333,377.561966667,0,0,0,0,1,412
2024-06-01,AU,2187970.620000000,285377.338000000,72932.354000000,9512.577933333,0,0,0,0,1,413
2024-06-01,CU,574778.350000000,148499.074000000,19159.278333333,4949.969133333,0,0,0,0,1,414
2024-06-01,EY,666399.627000000,129491.551000000,22213.320900000,4316.385033333,0,0,1,0,1,415
2024-06-01,IN,331847.410000000,70492.668000000,11061.580333333,2349.755600000,0,0,0,0,1,416
2024-06-01,ITT,1034290.272000000,54124.555000000,34476.342400000,1804.151833333,0,0,0,0,1,417
2024-06-01,LA,324971.700000000,217237.028000000,10832.390000000,7241.234266667,0,0,0,0,1,418
2024-06-01,LI,302045.140000000,230992.656000000,10068.171333333,7699.755200000,0,0,0,0,1,419
2024-06-01,OY,528757.480000000,28434.783000000,17625.249333333,947.826100000,0,0,0,0,1,420
2024-06-01,PA,238653.730000000,285349.806000000,7955.124333333,9511.660200000,0,0,0,0,1,421
2024-06-01,SA,2413752.130000000,793453.478000000,80458.404333333,26448.449266667,0,0,0,0,1,422
2024-07-01,AB16,312435.190000000,82792.450000000,10078.554516129,2670.724193548,0,0,0,0,1,423
2024-07-01,AM,1080.600000000,660815.000000000,34.858064516,21316.612903226,0,0,0,0,1,424
2024-07-01,AP,105349.702000000,11898.457000000,3398.377483871,383.821193548,0,0,0,0,1,425
2024-07-01,AU,2202917.230000000,286298.598000000,71061.846129032,9235.438645161,0,0,0,0,1,426
2024-07-01,CU,595478.690000000,153737.850000000,19208.990000000,4959.285483871,0,0,0,0,1,427
2024-07-01,EY,880609.862000000,146262.513000000,28406.769741935,4718.145580645,0,0,0,0,1,428
2024-07-01,IN,394419.190000000,80288.636000000,12723.199677419,2589.956000000,0,0,0,0,1,429
2024-07-01,ITT,1423936.276000000,74739.054000000,45933.428258065,2410.937225806,0,0,0,0,1,430
2024-07-01,LA,339913.060000000,230613.354000000,10964.937419355,7439.140451613,0,0,0,0,1,431
2024-07-01,LI,301830.670000000,231063.814000000,9736.473225806,7453.671419355,0,0,0,0,1,432
2024-07-01,OY,545973.810000000,29582.345000000,17612.058387097,954.269193548,0,0,0,0,1,433
2024-07-01,PA,257462.010000000,282817.527000000,8305.226129032,9123.146032258,0,0,0,0,1,434
2024-07-01,SA,2398202.900000000,797372.932000000,77361.383870968,25721.707483871,0,0,0,0,1,435
2024-07-01,SH,1828195.430000000,516481.703000000,58974.046129032,16660.700096774,0,0,0,0,1,436
2024-08-01,AB16,329704.570000000,89160.900000000,10635.631290323,2876.158064516,0,0,0,0,1,437
2024-08-01,AM,1067.250000000,646470.610000000,34.427419355,20853.890645161,0,0,0,0,1,438
2024-08-01,AP,112942.802000000,13647.133000000,3643.316193548,440.230096774,0,0,0,0,1,439
2024-08-01,AU,2215879.040000000,292010.291000000,71479.969032258,9419.686806452,0,0,0,0,1,440
2024-08-01,CU,594856.550000000,150575.557000000,19188.920967742,4857.276032258,0,0,0,0,1,441
2024-08-01,EY,982594.591000000,174726.237000000,31696.599709677,5636.330225806,0,0,0,0,1,442
2024-08-01,IN,401876.050000000,86649.000000000,12963.743548387,2795.129032258,0,0,0,0,1,443
2024-08-01,ITT,1545939.397000000,75988.612000000,49869.012806452,2451.245548387,0,0,0,0,1,444
2024-08-01,LA,334636.890000000,226837.352000000,10794.738387097,7317.333935484,0,0,0,0,1,445
2024-08-01,LI,277495.700000000,210955.770000000,8951.474193548,6805.024838710,0,0,0,0,1,446
2024-08-01,OY,546837.970000000,29541.738000000,17639.934516129,952.959290323,0,0,0,0,1,447
2024-08-01,PA,256650.090000000,274268.570000000,8279.035161290,8847.373225806,0,0,0,0,1,448
2024-08-01,SA,2353723.780000000,777862.434000000,75926.573548387,25092.336580645,0,0,0,0,1,449
2024-08-01,SH,1801525.210000000,514766.136000000,58113.716451613,16605.359225806,0,0,0,0,1,450
2024-09-01,AB16,311031.360000000,79144.690000000,10367.712000000,2638.156333333,0,0,0,0,1,451
2024-09-01,AM,976.200000000,591842.080000000,32.540000000,19728.069333333,0,0,0,0,1,452
2024-09-01,AP,105220.279000000,13158.364000000,3507.342633333,438.612133333,0,0,0,0,1,453
2024-09-01,AU,2166682.130000000,280253.274000000,72222.737666667,9341.775800000,0,0,0,0,1,454
2024-09-01,CU,564987.270000000,144549.776000000,18832.909000000,4818.325866667,0,0,0,0,1,455
2024-09-01,EY,905953.073000000,167347.146000000,30198.435766667,5578.238200000,0,0,0,0,1,456
2024-09-01,IN,432179.970000000,91778.505000000,14405.999000000,3059.283500000,0,0,0,0,1,457
2024-09-01,ITT,1344984.258000000,60225.416000000,44832.808600000,2007.513866667,0,0,0,0,1,458
2024-09-01,LA,320549.960000000,233631.323000000,10684.998666667,7787.710766667,0,0,0,0,1,459
2024-09-01,LI,269858.380000000,186534.586000000,8995.279333333,6217.819533333,0,0,0,0,1,460
2024-09-01,OY,509624.140000000,27267.507000000,16987.471333333,908.916900000,0,0,0,0,1,461
2024-09-01,PA,250809.860000000,266780.171000000,8360.328666667,8892.672366667,0,0,0,0,1,462
2024-09-01,SA,2256619.610000000,742208.811000000,75220.653666667,24740.293700000,0,0,0,0,1,463
2024-09-01,SH,1722578.700000000,532243.157000000,57419.290000000,17741.438566667,0,0,0,0,1,464
2024-10-01,AB16,323326.540000000,81810.300000000,10429.888387097,2639.041935484,0,0,0,0,1,465
2024-10-01,AM,979.280000000,604884.650000000,31.589677419,19512.408064516,0,0,0,0,1,466
2024-10-01,AP,102670.787000000,14306.017000000,3311.960870968,461.484419355,0,0,0,0,1,467
2024-10-01,AU,2248798.920000000,298782.402000000,72541.900645161,9638.142000000,0,0,0,0,1,468
2024-10-01,CU,584287.230000000,148469.253000000,18847.975161290,4789.330741935,0,0,0,0,1,469
2024-10-01,EY,932875.019000000,186083.343000000,30092.742548387,6002.688483871,0,0,0,0,1,470
2024-10-01,IN,458084.760000000,101662.438000000,14776.927741935,3279.433483871,0,0,0,0,1,471
2024-10-01,ITT,1378254.734000000,69126.774000000,44459.830129032,2229.895935484,0,0,0,0,1,472
2024-10-01,LA,335967.500000000,239513.117000000,10837.661290323,7726.229580645,0,0,0,0,1,473
2024-10-01,LI,290803.800000000,166108.612000000,9380.767741935,5358.342322581,0,0,0,0,1,474
2024-10-01,OY,552317.470000000,30257.078000000,17816.692580645,976.034774194,0,0,0,0,1,475
2024-10-01,PA,278934.120000000,280490.114000000,8997.874838710,9048.068193548,0,0,0,0,1,476
2024-10-01,SA,2321785.240000000,761881.191000000,74896.298064516,24576.812612903,0,0,0,0,1,477
2024-10-01,SH,1794909.160000000,547027.543000000,57900.295483871,17646.049774194,0,0,0,0,1,478
2024-11-01,AB16,333385.190000000,86185.100000000,11112.839666667,2872.836666667,0,0,0,0,1,479
2024-11-01,AM,853.450000000,583519.590000000,28.448333333,19450.653000000,0,0,0,0,1,480
2024-11-01,AP,95792.763000000,13524.240000000,3193.092100000,450.808000000,0,0,0,0,1,481
2024-11-01,AU,2160994.750000000,290052.931000000,72033.158333333,9668.431033333,0,0,0,0,1,482
2024-11-01,CU,569783.480000000,146066.531000000,18992.782666667,4868.884366667,0,0,0,0,1,483
2024-11-01,EY,898014.920000000,179152.040000000,29933.830666667,5971.734666667,0,0,0,0,1,484
2024-11-01,IN,476647.390000000,97767.043000000,15888.246333333,3258.901433333,0,0,0,0,1,485
2024-11-01,ITT,1356256.017000000,68262.484000000,45208.533900000,2275.416133333,0,0,0,0,1,486
2024-11-01,LA,332510.390000000,230783.903000000,11083.679666667,7692.796766667,0,0,0,0,1,487
2024-11-01,LI,285646.930000000,158260.149000000,9521.564333333,5275.338300000,0,0,0,0,1,488
2024-11-01,OY,541859.160000000,30199.563000000,18061.972000000,1006.652100000,0,0,0,0,1,489
2024-11-01,PA,311164.200000000,269812.038000000,10372.140000000,8993.734600000,0,0,0,0,1,490
2024-11-01,SA,2213656.190000000,737600.949000000,73788.539666667,24586.698300000,0,0,0,0,1,491
2024-11-01,SH,1726711.140000000,548606.881000000,57557.038000000,18286.896033333,0,0,0,0,1,492
2024-12-01,AB16,356951.760000000,97559.850000000,11514.572903226,3147.091935484,0,0,0,0,1,493
2024-12-01,AM,882.440000000,592085.110000000,28.465806452,19099.519677419,0,0,0,0,1,494
2024-12-01,AP,106073.511000000,13289.507000000,3421.726161290,428.693774194,0,0,0,0,1,495
2024-12-01,AU,2246342.920000000,302608.724000000,72462.674838710,9761.571741935,0,0,0,0,1,496
2024-12-01,CU,587585.050000000,149857.353000000,18954.356451613,4834.108161290,0,0,0,0,1,497
2024-12-01,EY,914250.007000000,164344.033000000,29491.935709677,5301.420419355,0,0,0,0,1,498
2024-12-01,IN,505702.500000000,97974.066000000,16312.983870968,3160.453741935,0,0,0,0,1,499
2024-12-01,ITT,1423595.532000000,73076.696000000,45922.436516129,2357.312774194,0,0,0,0,1,500
2024-12-01,LA,330887.460000000,227505.175000000,10673.789032258,7338.876612903,0,0,0,0,1,501
2024-12-01,LI,282306.200000000,145778.222000000,9106.651612903,4702.523290323,0,0,0,0,1,502
2024-12-01,OY,564381.880000000,31362.114000000,18205.867096774,1011.681096774,0,0,0,0,1,503
2024-12-01,PA,373385.580000000,320495.877000000,12044.696129032,10338.576677419,0,0,0,0,1,504
2024-12-01,SA,2285050.670000000,737316.125000000,73711.311935484,23784.391129032,0,0,0,0,1,505
2024-12-01,SH,1717208.820000000,568618.444000000,55393.832903226,18342.530451613,0,0,0,0,1,506
2025-01-01,AB16,359167.530000000,96573.110000000,11586.049354839,3115.261612903,0,0,0,0,1,507
2025-01-01,AM,972.360000000,589237.430000000,31.366451613,19007.659032258,0,0,0,0,1,508
2025-01-01,AP,106484.548000000,13428.529000000,3434.985419355,433.178354839,0,0,0,0,1,509
2025-01-01,AU,2247467.370000000,301991.670000000,72498.947419355,9741.666774194,0,0,0,0,1,510
2025-01-01,AV,1224.580000000,0.000000000,39.502580645,0.000000000,0,0,1,0,1,511
2025-01-01,CU,586412.470000000,149006.493000000,18916.531290323,4806.661064516,0,0,0,0,1,512
2025-01-01,EY,924267.160000000,173084.931000000,29815.069677419,5583.384870968,0,0,0,0,1,513
2025-01-01,IN,495286.480000000,98787.962000000,15976.983225806,3186.708451613,0,0,0,0,1,514
2025-01-01,ITT,1398446.572000000,71927.760000000,45111.179741935,2320.250322581,0,0,0,0,1,515
2025-01-01,LA,328309.880000000,224041.861000000,10590.641290323,7227.156806452,0,0,0,0,1,516
2025-01-01,LI,286772.840000000,151553.902000000,9250.736774194,4888.835548387,0,0,0,0,1,517
2025-01-01,OY,594227.790000000,32109.181000000,19168.638387097,1035.780032258,0,0,0,0,1,518
2025-01-01,PA,377076.760000000,346448.333000000,12163.766451613,11175.752677419,0,0,0,0,1,519
2025-01-01,SA,2295551.590000000,747032.161000000,74050.051290323,24097.811645161,0,0,0,0,1,520
2025-01-01,SH,1740092.770000000,577180.126000000,56132.024838710,18618.713741935,0,0,0,0,1,521
2025-02-01,AB16,325544.730000000,85808.070000000,11626.597500000,3064.573928571,0,0,0,0,1,522
2025-02-01,AM,866.030000000,525771.500000000,30.929642857,18777.553571429,0,0,0,0,1,523
2025-02-01,AP,99610.664000000,13344.999000000,3557.523714286,476.607107143,0,0,0,0,1,524
2025-02-01,AU,1947418.440000000,258479.965000000,69550.658571429,9231.427321429,0,0,0,0,1,525
2025-02-01,AV,736.150000000,0.000000000,26.291071429,0.000000000,0,0,0,0,1,526
2025-02-01,CU,498765.550000000,130646.250000000,17813.055357143,4665.937500000,0,0,0,0,1,527
2025-02-01,EY,839314.978000000,158871.761000000,29975.534928571,5673.991464286,0,0,0,0,1,528
2025-02-01,IN,440642.100000000,83494.417000000,15737.217857143,2981.943464286,0,0,0,0,1,529
2025-02-01,ITT,1247919.348000000,64831.912000000,44568.548142857,2315.425428571,0,0,0,0,1,530
2025-02-01,LA,296080.840000000,202421.438000000,10574.315714286,7229.337071429,0,0,0,0,1,531
2025-02-01,LI,249664.280000000,134345.280000000,8916.581428571,4798.045714286,0,0,0,0,1,532
2025-02-01,OY,544737.020000000,29695.760000000,19454.893571429,1060.562857143,0,0,0,0,1,533
2025-02-01,PA,345817.280000000,307663.449000000,12350.617142857,10987.980321429,0,0,0,0,1,534
2025-02-01,SA,2092321.570000000,690643.064000000,74725.770357143,24665.823714286,0,0,0,0,1,535
2025-02-01,SH,1544451.260000000,513676.600000000,55158.973571429,18345.592857143,0,0,0,0,1,536
2025-03-01,AB16,356077.130000000,92612.250000000,11486.359032258,2987.491935484,0,0,0,0,1,537
2025-03-01,AM,855.060000000,583142.010000000,27.582580645,18811.032580645,0,0,0,0,1,538
2025-03-01,AP,118982.009000000,15136.908000000,3838.129322581,488.287354839,0,0,0,0,1,539
2025-03-01,AU,1888414.480000000,249684.531000000,60916.596129032,8054.339709677,0,0,0,0,1,540
2025-03-01,AV,820.300000000,0.000000000,26.461290323,0.000000000,0,0,0,0,1,541
2025-03-01,CU,546618.390000000,141676.039000000,17632.851290323,4570.194806452,0,0,0,0,1,542
2025-03-01,EY,922677.011000000,171233.432000000,29763.774548387,5523.659096774,0,0,0,0,1,543
2025-03-01,IN,463964.420000000,90557.958000000,14966.594193548,2921.224451613,0,0,0,0,1,544
2025-03-01,ITT,1365892.450000000,71378.299000000,44061.046774194,2302.525774194,0,0,0,0,1,545
2025-03-01,LA,327223.930000000,220810.865000000,10555.610645161,7122.931129032,0,0,0,0,1,546
2025-03-01,LI,294391.860000000,148406.349000000,9496.511612903,4787.301580645,0,0,0,0,1,547
2025-03-01,OY,597752.070000000,32636.313000000,19282.324838710,1052.784290323,0,0,0,0,1,548
2025-03-01,PA,384679.920000000,344255.340000000,12409.029677419,11105.010967742,0,0,0,0,1,549
2025-03-01,SA,2325706.160000000,764192.213000000,75022.779354839,24651.361709677,0,0,0,0,1,550
2025-03-01,SH,1654882.320000000,549903.909000000,53383.300645161,17738.835774194,0,0,0,0,1,551
2025-04-01,AB16,332905.300000000,79020.200000000,11096.843333333,2634.006666667,0,0,0,0,1,552
2025-04-01,AM,829.770000000,546548.830000000,27.659000000,18218.294333333,0,0,0,0,1,553
2025-04-01,AP,111923.520000000,10798.702000000,3730.784000000,359.956733333,0,0,0,0,1,554
2025-04-01,AU,2147769.910000000,286100.318000000,71592.330333333,9536.677266667,0,0,0,0,1,555
2025-04-01,AV,857.620000000,0.000000000,28.587333333,0.000000000,0,0,0,0,1,556
2025-04-01,CU,544317.850000000,142664.512000000,18143.928333333,4755.483733333,0,0,0,0,1,557
2025-04-01,EY,910386.847000000,181877.858000000,30346.228233333,6062.595266667,0,0,0,0,1,558
2025-04-01,IN,422560.650000000,82753.413000000,14085.355000000,2758.447100000,0,0,0,0,1,559
2025-04-01,ITT,1312849.483000000,68610.249000000,43761.649433333,2287.008300000,0,0,0,0,1,560
2025-04-01,LA,325494.770000000,217031.656000000,10849.825666667,7234.388533333,0,0,0,0,1,561
2025-04-01,LI,278878.530000000,142651.315000000,9295.951000000,4755.043833333,0,0,0,0,1,562
2025-04-01,OY,573776.420000000,31396.686000000,19125.880666667,1046.556200000,0,0,0,0,1,563
2025-04-01,PA,368919.770000000,341840.497000000,12297.325666667,11394.683233333,0,0,0,0,1,564
2025-04-01,SA,2252290.160000000,734169.858000000,75076.338666667,24472.328600000,0,0,0,0,1,565
2025-04-01,SH,1654204.320000000,541995.283000000,55140.144000000,18066.509433333,0,0,0,0,1,566
2025-05-01,AB16,342107.270000000,89089.410000000,11035.718387097,2873.851935484,0,0,0,0,1,567
2025-05-01,AM,857.420000000,571106.420000000,27.658709677,18422.787741935,0,0,0,0,1,568
2025-05-01,AP,113743.616000000,14067.295000000,3669.148903226,453.783709677,0,0,0,0,1,569
2025-05-01,AU,2130009.310000000,282149.818000000,68709.977741935,9101.607032258,0,0,0,0,1,570
2025-05-01,AV,703.650000000,0.000000000,22.698387097,0.000000000,0,0,0,0,1,571
2025-05-01,CU,577880.830000000,148500.984000000,18641.317096774,4790.354322581,0,0,0,0,1,572
2025-05-01,EY,933337.420000000,178000.595000000,30107.658709677,5741.954677419,0,0,0,0,1,573
2025-05-01,IN,421957.360000000,76282.542000000,13611.527741935,2460.727161290,0,0,0,0,1,574
2025-05-01,ITT,1339731.684000000,69076.845000000,43217.151096774,2228.285322581,0,0,0,0,1,575
2025-05-01,LA,356445.350000000,227325.715000000,11498.237096774,7333.087580645,0,0,0,0,1,576
2025-05-01,LI,281357.110000000,164690.149000000,9076.035806452,5312.585451613,0,0,0,0,1,577
2025-05-01,OY,582366.480000000,32273.990000000,18786.015483871,1041.096451613,0,0,0,0,1,578
2025-05-01,PA,390990.370000000,364341.819000000,12612.592580645,11752.961903226,0,0,0,0,1,579
2025-05-01,SA,2324643.610000000,736975.248000000,74988.503548387,23773.395096774,0,0,0,0,1,580
2025-05-01,SH,1662784.840000000,566933.519000000,53638.220645161,18288.178032258,0,0,0,0,1,581
2025-06-01,AB16,331226.190000000,87093.500000000,11040.873000000,2903.116666667,0,0,0,0,1,582
2025-06-01,AM,830.250000000,548183.140000000,27.675000000,18272.771333333,0,0,0,0,1,583
2025-06-01,AP,114321.964000000,14856.251000000,3810.732133333,495.208366667,0,0,0,0,1,584
2025-06-01,AU,2087218.160000000,275233.914000000,69573.938666667,9174.463800000,0,0,0,0,1,585
2025-06-01,AV,905.010000000,0.000000000,30.167000000,0.000000000,0,0,0,0,1,586
2025-06-01,CU,562849.540000000,145221.454000000,18761.651333333,4840.715133333,0,0,0,0,1,587
2025-06-01,EY,898115.247000000,171731.809000000,29937.174900000,5724.393633333,0,0,0,0,1,588
2025-06-01,IN,414566.800000000,72918.090000000,13818.893333333,2430.603000000,0,0,0,0,1,589
2025-06-01,ITT,1312541.139000000,66415.341000000,43751.371300000,2213.844700000,0,0,0,0,1,590
2025-06-01,LA,347588.880000000,218074.198000000,11586.296000000,7269.139933333,0,0,0,0,1,591
2025-06-01,LI,256562.200000000,162553.729000000,8552.073333333,5418.457633333,0,0,0,0,1,592
2025-06-01,OY,570818.760000000,32007.994000000,19027.292000000,1066.933133333,0,0,0,0,1,593
2025-06-01,PA,375049.430000000,365990.595000000,12501.647666667,12199.686500000,0,0,0,0,1,594
2025-06-01,SA,2243001.480000000,712842.206000000,74766.716000000,23761.406866667,0,0,0,0,1,595
2025-06-01,SH,1612967.510000000,549957.907000000,53765.583666667,18331.930233333,0,0,0,0,1,596
2025-07-01,AB16,186444.630000000,51984.940000000,6014.342903226,1676.933548387,0,0,1,1,1,597
2025-07-01,AM,858.840000000,569256.840000000,27.704516129,18363.123870968,0,0,0,0,1,598
2025-07-01,AP,41306.829000000,5726.459000000,1332.478354839,184.724483871,0,0,1,1,1,599
2025-07-01,AU,225089.030000000,28957.892000000,7260.936451613,934.125548387,0,0,1,1,1,600
2025-07-01,AV,264.710000000,0.000000000,8.539032258,0.000000000,0,0,1,0,1,601
2025-07-01,CU,114268.610000000,29105.835000000,3686.084193548,938.897903226,0,0,1,1,1,602
2025-07-01,EY,315694.613000000,69747.451000000,10183.697193548,2249.917774194,0,0,1,1,1,603
2025-07-01,IN,166845.340000000,33453.000000000,5382.107741935,1079.129032258,0,0,1,0,1,604
2025-07-01,ITT,430583.188000000,22532.550000000,13889.780258065,726.856451613,0,0,1,1,1,605
2025-07-01,LA,145862.290000000,98895.736000000,4705.235161290,3190.185032258,0,0,1,1,1,606
2025-07-01,LI,137679.530000000,76398.135000000,4441.275161290,2464.455967742,0,0,1,0,1,607
2025-07-01,OY,247165.620000000,9774.717000000,7973.084516129,315.313451613,0,0,1,1,1,608
2025-07-01,PA,100086.610000000,107035.141000000,3228.600322581,3452.746483871,0,0,0,1,1,609
2025-07-01,SA,693105.000000000,234498.483000000,22358.225806452,7564.467193548,0,0,1,1,1,610
2025-07-01,SH,617208.290000000,221120.041000000,19909.944838710,7132.904548387,0,0,1,1,1,611
2025-08-01,AB16,344588.250000000,96768.330000000,11115.750000000,3121.559032258,0,0,0,0,1,612
2025-08-01,AM,866.983000000,564564.260000000,27.967193548,18211.750322581,0,0,0,0,1,613
2025-08-01,AP,123508.777000000,13183.459000000,3984.154096774,425.272870968,0,0,0,0,1,614
2025-08-01,AU,2088468.310000000,277156.975000000,67369.945483871,8940.547580645,0,0,0,0,1,615
2025-08-01,AV,907.340000000,0.000000000,29.269032258,0.000000000,0,0,0,0,1,616
2025-08-01,CU,583973.750000000,149701.073000000,18837.862903226,4829.066870968,0,0,0,0,1,617
2025-08-01,EY,930078.198000000,175867.071000000,30002.522516129,5673.131322581,0,0,0,0,1,618
2025-08-01,IN,428763.600000000,80819.000000000,13831.083870968,2607.064516129,0,0,0,0,1,619
2025-08-01,ITT,1342740.965000000,66809.489000000,43314.224677419,2155.144806452,0,0,0,0,1,620
2025-08-01,LA,363332.660000000,223517.149000000,11720.408387097,7210.230612903,0,0,0,0,1,621
2025-08-01,LI,312878.300000000,166655.013000000,10092.848387097,5375.968161290,0,0,0,0,1,622
2025-08-01,OY,607638.320000000,32694.653000000,19601.236129032,1054.666225806,0,0,0,0,1,623
2025-08-01,PA,413192.280000000,384433.080000000,13328.783225806,12401.067096774,0,0,0,0,1,624
2025-08-01,SA,2239077.640000000,758719.516000000,72228.310967742,24474.823096774,0,0,0,0,1,625
2025-08-01,SH,1676780.190000000,567691.925000000,54089.683548387,18312.642741935,0,0,0,0,1,626
2025-09-01,AB16,340453.330000000,99218.960000000,11348.444333333,3307.298666667,0,0,0,0,1,627
2025-09-01,AM,889.720000000,569082.120000000,29.657333333,18969.404000000,0,0,0,0,1,628
2025-09-01,AP,115253.653000000,12009.296000000,3841.788433333,400.309866667,0,0,0,0,1,629
2025-09-01,AU,2062535.840000000,279329.501000000,68751.194666667,9310.983366667,0,0,0,0,1,630
2025-09-01,AV,447.150000000,0.000000000,14.905000000,0.000000000,0,0,0,0,1,631
2025-09-01,CU,581958.780000000,144646.384000000,19398.626000000,4821.546133333,0,0,0,0,1,632
2025-09-01,EY,905941.665000000,164968.814000000,30198.055500000,5498.960466667,0,0,0,0,1,633
2025-09-01,IN,403045.390000000,66461.125000000,13434.846333333,2215.370833333,0,0,0,0,1,634
2025-09-01,ITT,1291589.522000000,65739.640000000,43052.984066667,2191.321333333,0,0,0,0,1,635
2025-09-01,LA,335259.460000000,213445.030000000,11175.315333333,7114.834333333,0,0,0,0,1,636
2025-09-01,LI,296676.040000000,165952.749000000,9889.201333333,5531.758300000,0,0,0,0,1,637
2025-09-01,OY,584832.700000000,31202.854000000,19494.423333333,1040.095133333,0,0,0,0,1,638
2025-09-01,PA,430301.730000000,341263.415000000,14343.391000000,11375.447166667,0,0,0,0,1,639
2025-09-01,SA,2203715.630000000,748698.259000000,73457.187666667,24956.608633333,0,0,0,0,1,640
2025-09-01,SH,1639371.140000000,542131.936000000,54645.704666667,18071.064533333,0,0,0,0,1,641
2025-10-01,AB16,377466.990000000,102645.750000000,12176.354516129,3311.153225806,0,0,0,0,1,642
2025-10-01,AM,917.610000000,560914.920000000,29.600322581,18094.029677419,0,0,0,0,1,643
2025-10-01,AP,156682.755000000,15090.858000000,5054.282419355,486.801870968,0,0,1,0,1,644
2025-10-01,AU,2169279.890000000,286915.665000000,69976.770645161,9255.344032258,0,0,0,0,1,645
2025-10-01,CU,598479.070000000,145866.222000000,19305.776451613,4705.362000000,0,0,0,0,1,646
2025-10-01,EY,950449.888000000,172022.502000000,30659.673806452,5549.112967742,0,0,0,0,1,647
2025-10-01,IN,395281.020000000,64512.000000000,12751.000645161,2081.032258065,0,0,0,0,1,648
2025-10-01,ITT,1321774.057000000,67034.056000000,42637.872806452,2162.388903226,0,0,0,0,1,649
2025-10-01,LA,341267.690000000,219260.804000000,11008.635161290,7072.929161290,0,0,0,0,1,650
2025-10-01,LI,291705.850000000,172270.007000000,9409.866129032,5557.097000000,0,0,0,0,1,651
2025-10-01,OY,613823.020000000,31617.797000000,19800.742580645,1019.928935484,0,0,0,0,1,652
2025-10-01,PA,419425.690000000,377104.640000000,13529.860967742,12164.665806452,0,0,0,0,1,653
2025-10-01,SA,2249603.750000000,772545.922000000,72567.862903226,24920.836193548,0,0,0,0,1,654
2025-10-01,SH,1689600.840000000,554322.125000000,54503.252903226,17881.358870968,0,0,0,0,1,655
2025-11-01,AB16,371458.540000000,88146.750000000,12381.951333333,2938.225000000,0,0,0,0,1,656
2025-11-01,AM,859.040000000,522248.950000000,28.634666667,17408.298333333,0,0,0,0,1,657
2025-11-01,AP,154174.974000000,15134.212000000,5139.165800000,504.473733333,0,0,1,0,1,658
2025-11-01,AU,1909750.580000000,261817.744000000,63658.352666667,8727.258133333,0,0,0,0,1,659
2025-11-01,CU,576888.290000000,139500.939000000,19229.609666667,4650.031300000,0,0,0,0,1,660
2025-11-01,EY,933405.122000000,167740.248000000,31113.504066667,5591.341600000,0,0,0,0,1,661
2025-11-01,IN,391561.770000000,64429.167000000,13052.059000000,2147.638900000,0,0,0,0,1,662
2025-11-01,ITT,1333411.374000000,64944.533000000,44447.045800000,2164.817766667,0,0,0,0,1,663
2025-11-01,LA,340500.540000000,215909.944000000,11350.018000000,7196.998133333,0,0,0,0,1,664
2025-11-01,LI,278571.120000000,160588.401000000,9285.704000000,5352.946700000,0,0,0,0,1,665
2025-11-01,OY,602044.790000000,30972.438000000,20068.159666667,1032.414600000,0,0,0,0,1,666
2025-11-01,PA,382386.650000000,350966.912000000,12746.221666667,11698.897066667,0,0,0,0,1,667
2025-11-01,SA,2147110.770000000,742445.108000000,71570.359000000,24748.170266667,0,0,0,0,1,668
2025-11-01,SH,1685431.620000000,559343.603000000,56181.054000000,18644.786766667,0,0,0,0,1,669
2025-12-01,AB16,362980.220000000,94809.220000000,11709.039354839,3058.361935484,0,0,0,0,1,670
2025-12-01,AM,870.640000000,569475.170000000,28.085161290,18370.166774194,0,0,0,0,1,671
2025-12-01,AP,166334.045000000,18866.072000000,5365.614354839,608.582967742,0,0,1,1,1,672
2025-12-01,AU,1924527.530000000,260220.377000000,62081.533225806,8394.205709677,0,0,0,0,1,673
2025-12-01,CU,580549.850000000,141062.838000000,18727.414516129,4550.414129032,0,0,0,0,1,674
2025-12-01,EY,961219.480000000,175792.308000000,31007.080000000,5670.719612903,0,0,0,0,1,675
2025-12-01,IN,407231.780000000,65472.000000000,13136.509032258,2112.000000000,0,0,0,0,1,676
2025-12-01,ITT,1370797.535000000,64822.408000000,44219.275322581,2091.045419355,0,0,0,0,1,677
2025-12-01,LA,354285.370000000,218482.324000000,11428.560322581,7047.816903226,0,0,0,0,1,678
2025-12-01,LI,311518.550000000,168296.268000000,10048.985483871,5428.911870968,0,0,0,0,1,679
2025-12-01,OY,623134.290000000,32205.264000000,20101.106129032,1038.879483871,0,0,0,0,1,680
2025-12-01,PA,404175.320000000,393687.734000000,13037.913548387,12699.604322581,0,0,0,0,1,681
2025-12-01,SA,2232839.700000000,726692.775000000,72027.087096774,23441.702419355,0,0,0,0,1,682
2025-12-01,SH,1700684.430000000,583222.943000000,54860.788064516,18813.643322581,0,0,0,0,1,683
2026-01-01,AIT,357943.250000000,105842.820000000,11546.556451613,3414.284516129,0,0,0,0,1,684
2026-01-01,AM,883.950000000,543630.590000000,28.514516129,17536.470645161,0,0,0,0,1,685
2026-01-01,AP,179228.495000000,19658.058000000,5781.564354839,634.130903226,0,0,1,1,1,686
2026-01-01,AU,1916126.740000000,256821.002000000,61810.540000000,8284.548451613,0,0,0,0,1,687
2026-01-01,AV,303.900000000,0.000000000,9.803225806,0.000000000,0,0,1,0,1,688
2026-01-01,CU,572662.770000000,142610.268000000,18472.992580645,4600.331225806,0,0,0,0,1,689
2026-01-01,EY,959719.607000000,159729.092000000,30958.697000000,5152.551354839,0,0,0,0,1,690
2026-01-01,IN,401271.460000000,67236.000000000,12944.240645161,2168.903225806,0,0,0,0,1,691
2026-01-01,ITT,1379087.338000000,63043.105000000,44486.688322581,2033.648548387,0,0,0,0,1,692
2026-01-01,LA,332043.630000000,212271.768000000,10711.084838710,6847.476387097,0,0,0,0,1,693
2026-01-01,LI,341893.830000000,179307.906000000,11028.833225806,5784.126000000,0,0,0,0,1,694
2026-01-01,OY,636207.640000000,30522.460000000,20522.827096774,984.595483871,0,0,0,0,1,695
2026-01-01,PA,407459.650000000,407093.735000000,13143.859677419,13132.055967742,0,0,0,0,1,696
2026-01-01,SA,2189761.030000000,716109.844000000,70637.452580645,23100.317548387,0,0,0,0,1,697
2026-01-01,SH,1761738.640000000,604363.443000000,56830.278709677,19495.594935484,0,0,0,0,1,698
2026-02-01,AIT,316377.210000000,92266.970000000,11299.186071429,3295.248928571,0,0,0,0,1,699
2026-02-01,AM,837.560000000,489961.050000000,29.912857143,17498.608928571,0,0,0,0,1,700
2026-02-01,AP,172382.190000000,18416.532000000,6156.506785714,657.733285714,0,0,1,1,1,701
2026-02-01,AU,1728971.740000000,230685.785000000,61748.990714286,8238.778035714,0,0,0,0,1,702
2026-02-01,AV,647.560000000,0.000000000,23.127142857,0.000000000,0,0,0,0,1,703
2026-02-01,CU,511769.880000000,128639.302000000,18277.495714286,4594.260785714,0,0,0,0,1,704
2026-02-01,EY,882545.668000000,155502.098000000,31519.488142857,5553.646357143,0,0,0,0,1,705
2026-02-01,IN,335846.510000000,58164.834000000,11994.518214286,2077.315500000,0,0,0,0,1,706
2026-02-01,ITT,1200992.772000000,55792.628000000,42892.599000000,1992.593857143,0,0,0,0,1,707
2026-02-01,LA,297146.680000000,191860.956000000,10612.381428571,6852.177000000,0,0,0,0,1,708
2026-02-01,LI,309441.770000000,159107.725000000,11051.491785714,5682.418750000,0,0,0,0,1,709
2026-02-01,OY,544644.190000000,26199.626000000,19451.578214286,935.700928571,0,0,0,0,1,710
2026-02-01,PA,356706.440000000,338204.218000000,12739.515714286,12078.722071429,0,0,0,0,1,711
2026-02-01,SA,1963277.280000000,625565.541000000,70117.045714286,22341.626464286,0,0,0,0,1,712
2026-02-01,SH,1589161.750000000,539079.867000000,56755.776785714,19252.852392857,0,0,0,0,1,713
2026-03-01,AIT,346947.720000000,100759.810000000,11191.861935484,3250.316451613,0,0,0,0,1,714
2026-03-01,AM,933.670000000,594807.331000000,30.118387097,19187.333258065,0,0,0,0,1,715
2026-03-01,AP,212140.191000000,21305.256000000,6843.231967742,687.266322581,0,0,1,1,1,716
2026-03-01,AU,1901654.550000000,248560.464000000,61343.695161290,8018.079483871,0,0,0,0,1,717
2026-03-01,AV,807.660000000,0.000000000,26.053548387,0.000000000,0,0,0,0,1,718
2026-03-01,CU,556590.600000000,141664.372000000,17954.535483871,4569.818451613,0,0,0,0,1,719
2026-03-01,EY,936191.222000000,166032.584000000,30199.716838710,5355.889806452,0,0,0,0,1,720
2026-03-01,IN,380646.030000000,65920.875000000,12278.904193548,2126.479838710,0,0,0,0,1,721
2026-03-01,ITT,1318031.037000000,62154.933000000,42517.130225806,2004.997838710,0,0,0,0,1,722
2026-03-01,LA,321048.750000000,214194.108000000,10356.411290323,6909.487354839,0,0,0,0,1,723
2026-03-01,LI,331843.750000000,180891.331000000,10704.637096774,5835.204225806,0,0,0,0,1,724
2026-03-01,OY,648170.840000000,32047.521000000,20908.736774194,1033.791000000,0,0,0,0,1,725
2026-03-01,PA,386668.650000000,376015.669000000,12473.182258065,12129.537709677,0,0,0,0,1,726
2026-03-01,SA,2175599.100000000,695538.652000000,70180.616129032,22436.730709677,0,0,0,0,1,727
2026-03-01,SH,1693367.280000000,583500.671000000,54624.750967742,18822.602290323,0,0,0,0,1,728
2026-04-01,AIT,327435.060000000,96313.530000000,10914.502000000,3210.451000000,0,0,0,0,1,729
2026-04-01,AM,817.520000000,734094.200000000,27.250666667,24469.806666667,0,0,0,0,1,730
2026-04-01,AP,212970.395000000,18446.347000000,7099.013166667,614.878233333,0,0,1,1,1,731
2026-04-01,AU,1774268.150000000,238621.754000000,59142.271666667,7954.058466667,0,0,0,0,1,732
2026-04-01,AV,698.220000000,0.000000000,23.274000000,0.000000000,0,0,0,0,1,733
2026-04-01,CU,524620.980000000,133705.834000000,17487.366000000,4456.861133333,0,0,0,0,1,734
2026-04-01,EY,885397.779000000,148621.113000000,29513.259300000,4954.037100000,0,0,0,0,1,735
2026-04-01,IN,353073.500000000,62141.000000000,11769.116666667,2071.366666667,0,0,0,0,1,736
2026-04-01,ITT,1234090.996000000,58337.965000000,41136.366533333,1944.598833333,0,0,0,0,1,737
2026-04-01,LA,324893.850000000,199671.433000000,10829.795000000,6655.714433333,0,0,0,0,1,738
2026-04-01,LI,300343.530000000,166847.144000000,10011.451000000,5561.571466667,0,0,0,0,1,739
2026-04-01,OY,625333.570000000,31140.428000000,20844.452333333,1038.014266667,0,0,0,0,1,740
2026-04-01,PA,380877.520000000,370245.181000000,12695.917333333,12341.506033333,0,0,0,0,1,741
2026-04-01,SA,2121919.030000000,675547.245000000,70730.634333333,22518.241500000,0,0,0,0,1,742
2026-04-01,SH,1639284.680000000,569742.365000000,54642.822666667,18991.412166667,0,0,0,0,1,743
2026-05-01,AIT,340309.540000000,101689.590000000,10977.727096774,3280.309354839,0,0,0,0,1,744
2026-05-01,AM,810.100000000,842315.040000000,26.132258065,27171.452903226,0,0,0,1,1,745
2026-05-01,AP,233289.273000000,17539.533000000,7525.460419355,565.791387097,0,0,1,0,1,746
2026-05-01,AU,1863505.010000000,250456.137000000,60113.064838710,8079.230225806,0,0,0,0,1,747
2026-05-01,AV,797.880000000,0.000000000,25.738064516,0.000000000,0,0,0,0,1,748
2026-05-01,CU,541316.120000000,136101.256000000,17461.810322581,4390.363096774,0,0,0,0,1,749
2026-05-01,EY,905937.807000000,146248.097000000,29223.800225806,4717.680548387,0,0,0,0,1,750
2026-05-01,IN,393038.420000000,64490.000000000,12678.658709677,2080.322580645,0,0,0,0,1,751
2026-05-01,ITT,1271492.070000000,60863.159000000,41015.873225806,1963.327709677,0,0,0,0,1,752
2026-05-01,LA,382546.860000000,218843.079000000,12340.221290323,7059.454161290,0,0,0,0,1,753
2026-05-01,LI,307194.960000000,160186.230000000,9909.514838710,5167.297741935,0,0,0,0,1,754
2026-05-01,OY,645881.630000000,35650.737000000,20834.891290323,1150.023774194,0,0,0,0,1,755
2026-05-01,PA,399933.190000000,382845.552000000,12901.070645161,12349.856516129,0,0,0,0,1,756
2026-05-01,SA,2236968.320000000,708763.128000000,72160.268387097,22863.326709677,0,0,0,0,1,757
2026-05-01,SH,1690263.260000000,586853.496000000,54524.621290323,18930.757935484,0,0,0,0,1,758
2026-06-01,AIT,336252.120000000,105237.810000000,11208.404000000,3507.927000000,0,0,0,1,1,759
2026-06-01,AM,783.060000000,801710.620000000,26.102000000,26723.687333333,0,0,0,1,1,760
2026-06-01,AP,211028.326000000,15673.293000000,7034.277533333,522.443100000,0,0,1,0,1,761
2026-06-01,AU,1839870.010000000,241046.024000000,61329.000333333,8034.867466667,0,0,0,0,1,762
2026-06-01,AV,94.440000000,0.000000000,3.148000000,0.000000000,0,0,1,0,1,763
2026-06-01,CU,515021.030000000,131509.289000000,17167.367666667,4383.642966667,0,0,0,0,1,764
2026-06-01,EY,847701.789000000,137016.517000000,28256.726300000,4567.217233333,0,0,0,0,1,765
2026-06-01,IN,386645.790000000,62006.000000000,12888.193000000,2066.866666667,0,0,0,0,1,766
2026-06-01,ITT,1217304.885000000,59557.884000000,40576.829500000,1985.262800000,0,0,0,0,1,767
2026-06-01,LA,390126.720000000,208423.218000000,13004.224000000,6947.440600000,0,0,0,0,1,768
2026-06-01,LI,299296.580000000,151258.356000000,9976.552666667,5041.945200000,0,0,0,0,1,769
2026-06-01,OY,631255.370000000,35417.504000000,21041.845666667,1180.583466667,0,0,0,1,1,770
2026-06-01,PA,387323.230000000,376697.447000000,12910.774333333,12556.581566667,0,0,0,0,1,771
2026-06-01,SA,2189453.710000000,688390.162000000,72981.790333333,22946.338733333,0,0,0,0,1,772
2026-06-01,SH,1635255.620000000,553519.809000000,54508.520666667,18450.660300000,0,0,0,0,1,773
2026-07-01,AIT,342834.990000000,101867.620000000,11059.193225806,3286.052258065,0,0,0,0,1,774
2026-07-01,AM,816.210000000,792956.200000000,26.329354839,25579.232258065,0,0,0,0,1,775
2026-07-01,AP,200613.065000000,15731.385000000,6471.389193548,507.464032258,0,0,1,0,1,776
2026-07-01,AU,1965232.630000000,255495.727000000,63394.600967742,8241.797645161,0,0,0,0,1,777
2026-07-01,AV,1126.570000000,0.000000000,36.340967742,0.000000000,0,0,0,0,1,778
2026-07-01,CU,542507.140000000,138167.333000000,17500.230322581,4457.010741935,0,0,0,0,1,779
2026-07-01,EY,860214.863000000,146287.195000000,27748.866548387,4718.941774194,0,0,0,0,1,780
2026-07-01,IN,396930.300000000,63986.667000000,12804.203225806,2064.086032258,0,0,0,0,1,781
2026-07-01,ITT,1230702.472000000,60749.867000000,39700.079741935,1959.673129032,0,0,0,0,1,782
2026-07-01,LA,459870.860000000,209555.837000000,14834.543870968,6759.865709677,0,0,1,0,1,783
2026-07-01,LI,319365.150000000,158886.968000000,10302.101612903,5125.386064516,0,0,0,0,1,784
2026-07-01,OY,648169.570000000,35834.959000000,20908.695806452,1155.966419355,0,0,0,0,1,785
2026-07-01,PA,417117.100000000,410199.676000000,13455.390322581,13232.247612903,0,0,0,0,1,786
2026-07-01,SA,2244584.760000000,699910.432000000,72405.960000000,22577.755870968,0,0,0,0,1,787
2026-07-01,SH,1670789.880000000,566774.568000000,53896.447741935,18283.050580645,0,0,0,0,1,788
2026-08-01,AIT,348145.510000000,96110.090000000,11230.500322581,3100.325483871,0,0,0,1,1,789
2026-08-01,AM,821.060000000,766644.590000000,26.485806452,24730.470645161,0,0,0,0,1,790
2026-08-01,AP,222577.648000000,22605.305000000,7179.924129032,729.203387097,0,0,1,1,1,791
2026-08-01,AU,1983704.650000000,255774.196000000,63990.472580645,8250.780516129,0,0,0,0,1,792
2026-08-01,AV,1020.160000000,0.000000000,32.908387097,0.000000000,0,0,0,0,1,793
2026-08-01,CU,549021.250000000,134809.827000000,17710.362903226,4348.704096774,0,0,0,0,1,794
2026-08-01,EY,834881.133000000,152185.175000000,26931.649451613,4909.199193548,0,0,1,0,1,795
2026-08-01,IN,403581.180000000,64349.000000000,13018.747741935,2075.774193548,0,0,0,0,1,796
2026-08-01,ITT,1242631.489000000,62307.028000000,40084.886741935,2009.904129032,0,0,0,0,1,797
2026-08-01,LA,451687.660000000,210063.099000000,14570.569677419,6776.229000000,0,0,1,0,1,798
2026-08-01,LI,320638.600000000,181342.700000000,10343.180645161,5849.764516129,0,0,0,0,1,799
2026-08-01,OY,635999.280000000,34462.059000000,20516.105806452,1111.679322581,0,0,0,0,1,800
2026-08-01,PA,423403.090000000,388475.561000000,13658.164193548,12531.469709677,0,0,0,0,1,801
2026-08-01,SA,2261573.060000000,683891.958000000,72953.969677419,22061.030903226,0,0,0,0,1,802
2026-08-01,SH,1659445.720000000,577141.221000000,53530.507096774,18617.458741935,0,0,0,0,1,803
