fecha,precio_usd_barril
2021-01-01,48.600000000
2021-02-01,55.610000000
2021-03-01,58.720000000
2021-04-01,57.240000000
2021-05-01,61.520000000
2021-06-01,67.290000000
2021-07-01,66.840000000
2021-08-01,61.140000000
2021-09-01,64.740000000
2021-10-01,75.200000000
2021-11-01,68.490000000
2021-12-01,60.280000000
2022-01-01,77.620000000
2022-02-01,84.660000000
2022-03-01,100.380000000
2022-04-01,94.700000000
2022-05-01,101.310000000
2022-06-01,104.400000000
2022-07-01,87.460000000
2022-08-01,83.280000000
2022-09-01,77.600000000
2022-10-01,80.510000000
2022-11-01,75.360000000
2022-12-01,69.200000000
2023-01-01,65.110000000
2023-02-01,64.200000000
2023-03-01,60.760000000
2023-04-01,68.720000000
2023-05-01,61.370000000
2023-06-01,58.080000000
2023-07-01,65.580000000
2023-08-01,74.650000000
2023-09-01,82.730000000
2023-10-01,78.290000000
2023-11-01,71.400000000
2023-12-01,64.250000000
2024-01-01,65.340000000
2024-02-01,69.970000000
2024-03-01,73.570000000
2024-04-01,77.620000000
2024-05-01,71.850000000
2024-06-01,72.140000000
2024-07-01,74.510000000
2024-08-01,68.130000000
2024-09-01,62.330000000
2024-10-01,65.330000000
2024-11-01,60.830000000
2024-12-01,62.130000000
2025-01-01,67.300000000
2025-02-01,64.820000000
2025-03-01,61.310000000
2025-04-01,56.330000000
2025-05-01,55.060000000
2025-06-01,60.520000000
2025-07-01,58.030000000
2025-08-01,58.530000000
2025-09-01,57.690000000
2025-10-01,55.480000000
2025-11-01,53.270000000
2025-12-01,51.920000000
2026-01-01,53.100000000
2026-02-01,57.060000000
2026-03-01,85.220000000
2026-04-01,89.440000000
2026-05-01,93.120000000
2026-06-01,79.030000000
2026-07-01,74.310000000
