activo,n_actual,n_anterior,diario_actual,diario_anterior,cambio_pct,cambio_diario
IN,8,8,12555.692139918,13393.361111111,-6.254359636,-837.668971193
AV,8,8,22.618888889,26.417119342,-14.377913063,-3.798230453
AM,8,8,27.584897119,28.546144033,-3.367344159,-0.961246914
AU,8,8,61618.656296296,60748.374526749,1.432600915,870.281769547
CU,8,8,17751.069012346,16522.991728395,7.432535851,1228.077283951
ITT,8,8,41540.465263374,40126.357320988,3.524137342,1414.107942387
PA,8,8,13002.011810700,11340.791851852,14.648183130,1661.219958848
LI,8,8,10411.597407407,8634.504732510,20.581292500,1777.092674897
EY,8,8,29269.917152263,27464.491662551,6.573671604,1805.425489712
LA,8,8,12178.456831276,10248.306995885,18.833840908,1930.149835391
OY,8,8,20640.584732510,17771.532839506,16.144087957,2869.051893004
AP,8,8,6766.376884774,3415.151962963,98.128134799,3351.224921811
SA,8,8,71535.540288066,67760.070823045,5.571820423,3775.469465021
SH,8,8,54894.266790123,50055.026748971,9.667840286,4839.240041152
