anio,mes,activo,crudo,gas,fila_excel
2022,8,AM,1253.700000000,713407.820000000,93
2022,8,AM,1253.700000000,103.690000000,110
2022,8,AP,109785.831000000,14019.320000000,94
2022,8,AP,109785.831000000,14019.320000000,106
2022,8,AU,2301395.510000000,310275.380000000,95
2022,8,AU,2301395.510000000,310050.890000000,115
2022,8,CU,769633.920000000,173601.770000000,96
2022,8,CU,769633.920000000,173601.770000000,111
2022,8,EY,952832.426000000,152400.210000000,97
2022,8,EY,952832.426000000,152400.210000000,107
2022,8,IN,483442.900000000,94161.000000000,98
2022,8,IN,483442.900000000,94161.000000000,108
2022,8,ITT,1600149.413000000,67250.136000000,99
2022,8,ITT,1600149.413000000,67250.136000000,109
2022,8,LA,366668.060000000,176770.656000000,100
2022,8,LA,366668.050000000,176770.656000000,112
2022,8,LI,349643.790000000,231162.511000000,101
2022,8,LI,349643.790000000,231162.511000000,113
2022,8,OY,590887.110000000,30891.720000000,102
2022,8,OY,590887.110000000,30891.720000000,116
2022,8,PA,271205.650000000,233574.355000000,103
2022,8,PA,271205.650000000,233574.355000000,117
2022,8,SA,2159797.640000000,658193.058000000,104
2022,8,SA,2159797.640000000,658193.058000000,118
2022,8,SH,1989905.450000000,625476.445000000,105
2022,8,SH,1989905.450000000,625476.445000000,114
