activo,variable,n,q1,q3,limite_inferior,limite_superior,n_atipicos
AB16,crudo_diario,36,10153.200048387,11493.412500000,8142.881370968,13503.731177419,1
AB16,gas_diario,36,2705.088225806,3059.914933756,2172.848163882,3592.154995680,2
AIT,crudo_diario,8,11038.826693548,11247.671759793,10725.559094182,11560.939359159,0
AIT,gas_diario,8,3240.350088710,3325.007825461,3113.363483583,3451.994430588,2
AM,crudo_diario,56,27.697137097,34.932258065,16.844455645,45.784939516,3
AM,gas_diario,55,18600.170656682,21528.100086406,14208.276512097,25919.994230991,6
AP,crudo_diario,56,3251.292870699,3831.283782258,2381.306503360,4701.270149597,13
AP,gas_diario,56,416.199900000,487.173241935,309.739887097,593.633254839,7
AU,crudo_diario,56,66642.811653226,75618.010561636,53180.013290611,89080.808924251,1
AU,gas_diario,55,8833.902856989,10048.676021505,7011.743110215,11870.835768280,1
AV,crudo_diario,18,22.805576037,29.098607527,13.366028802,38.538154762,4
AV,gas_diario,18,0.000000000,0.000000000,0.000000000,0.000000000,0
CU,crudo_diario,56,18555.566448733,20077.770967742,16272.259670219,22361.077746256,9
CU,gas_diario,56,4598.813615783,4895.692558333,4153.495201959,5341.010972158,9
EY,crudo_diario,56,29619.823937903,30886.045854839,27720.491062500,32785.378730242,8
EY,gas_diario,56,4732.588354839,5979.473120968,2862.261205645,7849.800270161,1
IN,crudo_diario,56,13043.731185484,14955.916129032,10175.453770161,17824.193544355,1
IN,gas_diario,56,2383.193000000,3298.319145161,1010.503782258,4671.008362903,0
ITT,crudo_diario,56,43642.084644355,52741.400362903,29993.111066532,66390.373940726,1
ITT,gas_diario,56,2064.591540323,2534.041693548,1360.416310484,3238.216923387,1
LA,crudo_diario,55,10466.701446237,11538.129838710,8859.558857527,13145.272427419,4
LA,gas_diario,56,6646.290400000,7339.824475806,5605.989286290,8380.125589516,5
LI,crudo_diario,56,9515.301153226,11176.422476959,7023.619167627,13668.104462558,1
LI,gas_diario,56,5371.561701613,8578.035885484,561.850425806,13387.747161290,0
OY,crudo_diario,56,18180.614112903,19651.112741935,15974.866169355,21856.860685484,2
OY,gas_diario,56,951.675992742,1034.288258065,827.757594758,1158.206656048,4
PA,crudo_diario,56,8275.133548387,12480.298610215,1967.385955645,18788.046202957,0
PA,gas_diario,56,8863.839681452,11470.736691667,4953.494166129,15381.082206989,1
SA,crudo_diario,56,70005.507188940,74957.010080645,62578.252851383,82384.264418203,3
SA,gas_diario,56,20904.024766667,24579.284034677,15391.135864651,30092.172936694,2
SH,crudo_diario,55,54753.246365591,60925.780000000,45494.445913978,70184.580451613,1
SH,gas_diario,55,17254.326326344,18534.059520968,15334.726534409,20453.659312903,1
