activo,nombre_activo,anio,n_registros,n_crudo,n_gas,n_precio,crudo_total,media_crudo_diario,mediana_crudo_diario,gas_total,grupo_pequeno
AB16,AB16 (sin catálogo),2023,12,12,12,12,3800026.539999999,10413.330339222,10102.817903226,1040004.840000000,False
AB16,AB16 (sin catálogo),2024,12,12,12,12,3939063.550000000,10762.924233686,10694.943225806,1032896.350000000,False
AB16,AB16 (sin catálogo),2025,12,12,12,12,4030420.109999999,11051.526920699,11417.401682796,1063770.490000000,False
AIT,Amo-Iro-Tivacuno,2026,8,8,8,7,2716245.400000000,11178.491387961,11200.132967742,800088.240000000,True
AM,Amistad,2022,12,12,11,12,15038.850000000,41.248130312,40.343801075,5107489.280000001,False
AM,Amistad,2023,12,12,12,12,11134.355000000,30.493620840,28.819343318,7692316.670000000,False
AM,Amistad,2024,12,12,12,12,12149.200000000,33.194821499,33.668649425,7429507.870000000,False
AM,Amistad,2025,12,12,12,12,10473.723000000,28.710048195,28.026177419,6719531.590000000,False
AM,Amistad,2026,8,8,8,7,6703.130000000,27.605730799,26.868236559,5566119.621000000,True
AP,Apaika,2022,12,12,12,12,1268468.829000000,3473.379661860,3437.069700000,148599.291000000,False
AP,Apaika,2023,12,12,12,12,1124340.073000000,3079.209032040,3208.756133333,164896.839000000,False
AP,Apaika,2024,12,12,12,12,1203029.464000000,3285.171847825,3349.780385484,158617.171000000,False
AP,Apaika,2025,12,12,12,12,1422327.354000000,3896.565579327,3824.430727957,161643.040000000,False
AP,Apaika,2026,8,8,8,7,1644229.583000000,6761.420943779,6938.754750538,149375.709000000,True
AU,Auca,2022,12,12,11,12,26987576.630000003,73934.718596454,75429.984369048,3293266.049000000,False
AU,Auca,2023,12,12,12,12,26953684.819999997,73789.152491039,74836.848129032,3590323.385000000,False
AU,Auca,2024,12,12,12,12,27043880.100000001,73902.770269651,72737.127322581,3573717.381000000,False
AU,Auca,2025,12,12,12,12,22827948.850000001,62661.765166795,68730.586204301,3048038.370000000,False
AU,Auca,2026,8,8,8,7,14973333.480000000,61609.079532834,61546.342937788,1977461.089000000,True
AV,Amazonia Viva,2023,1,1,1,1,814.810000000,26.284193548,26.284193548,0.000000000,True
AV,Amazonia Viva,2025,9,9,9,9,6866.510000000,25.157858594,26.461290323,0.000000000,True
AV,Amazonia Viva,2026,8,8,8,7,5496.390000000,22.549167051,24.506032258,0.000000000,True
CU,Cuyabeno,2022,12,12,12,12,8557462.220000001,23452.968266001,24172.998548387,1896950.050000000,False
CU,Cuyabeno,2023,12,12,12,12,7121804.160000000,19504.914389465,19667.433387097,1705359.560000000,False
CU,Cuyabeno,2024,12,12,12,12,7084525.610000000,19358.603150352,19198.955483871,1804823.284000000,False
CU,Cuyabeno,2025,12,12,12,12,6352962.980000000,17424.559036034,18744.532924731,1607599.023000000,False
CU,Cuyabeno,2026,8,8,8,7,4313509.770000000,17754.020124232,17605.296612903,1087207.481000000,True
EY,Edén Yuturi,2022,12,12,12,12,10885884.681000000,29807.627197805,30388.235216667,1692296.959000000,False
EY,Edén Yuturi,2023,12,12,12,12,10892918.494000001,29825.431142224,30843.061596774,2117886.371000000,False
EY,Edén Yuturi,2024,12,12,12,12,10923174.214999998,29834.255950689,30397.065560753,2117028.549000000,False
EY,Edén Yuturi,2025,12,12,12,12,10424887.629000001,28592.497840015,30055.090612903,1960938.780000000,False
EY,Edén Yuturi,2026,8,8,8,7,7112589.868000000,29294.025475922,29368.529762903,1211621.871000000,True
IN,Indillana,2022,12,12,12,12,5505301.209999999,15083.115406234,15279.378924731,1183038.656000000,False
IN,Indillana,2023,12,12,12,12,5150372.610000000,14107.329926395,13924.369193548,1228279.173000000,False
IN,Indillana,2024,12,12,12,12,5061192.450000000,13825.054950253,13647.846368187,1097093.049000000,False
IN,Indillana,2025,12,12,12,12,4851706.710000000,13315.348164619,13715.210537634,879940.674000000,False
IN,Indillana,2026,8,8,8,7,3051033.190000000,12547.072799635,12741.430967742,508294.376000000,True
ITT,Ishpingo-Tiputini-Tambococha,2022,12,12,12,12,18473629.739999998,50556.720179186,51656.119177419,780959.586000000,False
ITT,Ishpingo-Tiputini-Tambococha,2023,12,12,12,12,19880179.873000000,54428.857100890,55727.258070430,957265.303000000,False
ITT,Ishpingo-Tiputini-Tambococha,2024,12,12,12,12,17655674.021000002,48232.329471817,47901.220532258,884249.721000000,False
ITT,Ishpingo-Tiputini-Tambococha,2025,12,12,12,12,15068277.317000000,41336.010785023,43756.510366667,764123.082000000,False
ITT,Ishpingo-Tiputini-Tambococha,2026,8,8,8,7,10094333.059000000,41551.306661425,41076.119879570,482806.569000000,True
LA,Lago Agrio,2022,12,11,12,12,3960270.010000000,11858.145052018,11757.441333333,2121680.552000000,True
LA,Lago Agrio,2023,12,12,12,12,3764571.570000000,10312.082022977,10346.919193548,2641160.681000000,False
LA,Lago Agrio,2024,12,12,12,12,3942969.700000000,10773.097888580,10813.564193548,2745232.295000000,False
LA,Lago Agrio,2025,12,12,12,12,3861651.660000000,10586.924898233,11091.975247312,2499216.720000000,False
LA,Lago Agrio,2026,8,8,8,7,2959365.010000000,12157.403924539,11585.008145161,1664883.498000000,True
LI,Libertador,2022,12,12,12,12,4160946.560000001,11394.591478879,11463.554956989,2907709.655000000,False
LI,Libertador,2023,12,12,12,12,4009219.090000001,10980.451223566,10813.673193548,3534947.857000000,False
LI,Libertador,2024,12,12,12,12,3596797.050000000,9827.915167686,9902.322279570,2549446.055000001,False
LI,Libertador,2025,12,12,12,12,3276656.210000000,8979.647537506,9290.827500000,1814361.297000000,False
LI,Libertador,2026,8,8,8,7,2530018.170000000,10415.970358967,10322.641129032,1337828.360000000,True
OY,Oso Yuralpa,2022,12,12,12,12,6695311.689999999,18335.111220878,18729.663258065,326292.443000000,False
OY,Oso Yuralpa,2023,12,12,12,12,6927948.420000002,18980.988236751,18741.572720430,356726.866000000,False
OY,Oso Yuralpa,2024,12,12,12,12,6568468.670000000,17945.357194877,17906.057497219,354329.833000000,False
OY,Oso Yuralpa,2025,12,12,12,12,6742317.279999999,18490.316441884,19368.609205069,358587.647000000,False
OY,Oso Yuralpa,2026,8,8,8,7,5015662.090000000,20628.641623560,20839.671811828,261275.294000000,True
PA,Palo Azul,2022,12,12,12,12,2891423.780000000,7917.741416539,8025.355069124,2740529.837000000,False
PA,Palo Azul,2023,12,12,12,12,3112967.360000000,8522.804311316,8442.832580645,3451455.631000000,False
PA,Palo Azul,2024,12,12,12,12,3314741.590000000,9054.969236250,8508.218548387,3471742.051000000,False
PA,Palo Azul,2025,12,12,12,12,4392101.810000000,12045.812493088,12557.120123656,4025030.955000000,False
PA,Palo Azul,2026,8,8,8,7,3159488.870000000,12997.234309716,12905.922489247,3049777.039000000,True
SA,Sacha,2022,12,12,12,12,24337560.609999999,66659.292864759,68526.125586022,7208379.633000000,False
SA,Sacha,2023,12,12,12,12,26302484.660000000,72041.048115911,71717.971500000,7842588.380000000,False
SA,Sacha,2024,12,12,12,12,28174806.140000001,76985.711442652,77622.666935484,9118765.743999999,False
SA,Sacha,2025,12,12,12,12,25298967.059999999,69403.266054852,73753.619478495,8369454.813000000,False
SA,Sacha,2026,8,8,8,7,17383136.289999999,71520.967144393,71445.451360215,5493716.961999999,True
SH,Shushufindi,2022,12,12,12,12,22812967.689999998,62502.709545251,64199.860443548,6671401.930000000,False
SH,Shushufindi,2023,12,12,12,12,22082024.150000002,60473.405468190,60173.421290323,6323133.365000000,False
SH,Shushufindi,2024,11,11,11,11,19439705.900000002,57855.174629150,57900.295483871,5654052.239000000,True
SH,Shushufindi,2025,12,12,12,12,18878459.530000001,51784.056282386,54574.478784946,6327479.917000000,False
SH,Shushufindi,2026,8,8,8,7,13339306.829999998,54914.215740687,54574.686129032,4580975.439999999,True
