fecha,crudo,gas,n_activos,n_crudo,n_gas,dias_mes,precio_usd_barril,crudo_diario,gas_diario
2022-01-01,8792484.219999999,2544215.116000000,11,11,11,31,77.620000000,283628.523225806,82071.455354839
2022-02-01,8270745.630000001,2375818.553000000,11,11,11,28,84.660000000,295383.772500000,84850.662607143
2022-03-01,9596371.260000000,2663575.327000000,11,11,11,31,100.380000000,309560.363225806,85921.784741935
2022-04-01,9293979.360000001,2587557.260000000,11,11,11,30,94.700000000,309799.312000000,86251.908666667
2022-05-01,9575258.480000000,2703333.974000000,11,11,11,31,101.310000000,308879.305806452,87204.321741935
2022-06-01,7633011.070000000,2162128.103000000,11,11,11,30,104.400000000,254433.702333333,72070.936766667
2022-07-01,9360382.949999999,2613042.615000000,11,11,11,31,87.460000000,301947.837096774,84291.697258065
2022-08-01,9590027.890000001,1655254.080000000,11,11,9,31,83.280000000,309355.738387097,53395.292903226
2022-09-01,9253264.380000001,1929647.032000000,11,11,11,30,77.600000000,308442.146000000,64321.567733333
2022-10-01,9615311.730000000,2019709.028000000,11,11,11,31,80.510000000,310171.346129032,65151.904129032
2022-11-01,9203762.580000000,1964861.521000000,11,11,11,30,75.360000000,306792.086000000,65495.384033333
2022-12-01,9594005.250000000,2066368.830000000,11,11,11,31,69.200000000,309484.040322581,66657.059032258
2023-01-01,9635054.250000000,2787485.553000000,11,11,11,31,65.110000000,310808.201612903,89918.888806452
2023-02-01,7866845.930000000,2359650.859000000,11,11,11,28,64.200000000,280958.783214286,84273.244964286
2023-03-01,8669918.199999999,2627714.338000000,11,11,11,31,60.760000000,279674.780645161,84764.978645161
2023-04-01,9026522.989999998,2606529.629000000,11,11,11,30,68.720000000,300884.099666667,86884.320966667
2023-05-01,9388707.189999998,2732313.321000000,11,11,11,31,61.370000000,302861.522258064,88139.139387097
2023-06-01,9116172.819999998,2700045.560000000,11,11,11,30,58.080000000,303872.427333333,90001.518666667
2023-07-01,9562849.010000000,2829786.118000000,11,11,11,31,65.580000000,308479.000322581,91283.423161290
2023-08-01,9690409.830000000,2852362.392000000,11,11,11,31,74.650000000,312593.865483871,92011.690064516
2023-09-01,9435131.390000001,2724711.777000000,11,11,11,30,82.730000000,314504.379666667,90823.725900000
2023-10-01,9736500.789999999,2800157.227000000,11,11,11,31,78.290000000,314080.670645161,90327.652483871
2023-11-01,9568249.090000000,2742606.331000000,11,11,11,30,71.400000000,318941.636333333,91420.211033333
2023-12-01,9790692.425000001,2878682.930000001,11,11,11,31,64.250000000,315828.787903226,92860.739677419
2024-01-01,9956951.680000000,2893271.319000000,11,11,11,31,65.340000000,321191.989677419,93331.332870968
2024-02-01,9148946.530000001,2665508.756000000,11,11,11,29,69.970000000,315480.914827586,91914.095034483
2024-03-01,9683711.309999999,2836970.608000000,11,11,11,31,73.570000000,312377.784193548,91515.180903226
2024-04-01,9337348.290000001,2744538.520000000,11,11,11,30,77.620000000,311244.943000000,91484.617333333
2024-05-01,9590045.469999999,2843083.106000000,11,11,11,31,71.850000000,309356.305483871,91712.358258065
2024-06-01,8366399.000000001,2651972.828000000,11,11,11,30,72.140000000,278879.966666667,88399.094266667
2024-07-01,9107260.939999999,2754876.726000000,11,11,11,31,74.510000000,293782.610967742,88866.991161290
2024-08-01,9289863.219999999,2732695.952000000,11,11,11,31,68.130000000,299673.007096774,88151.482322581
2024-09-01,8807895.170000000,2571945.636000000,11,11,11,30,62.330000000,293596.505666667,85731.521200000
2024-10-01,9149791.359999999,2662051.872000000,11,11,11,31,65.330000000,295154.560000000,85872.641032258
2024-11-01,8910669.250000000,2574217.558000000,11,11,11,30,60.830000000,297022.308333333,85807.251933333
2024-12-01,9289556.289999999,2628187.827000000,11,11,11,31,62.130000000,299663.106129032,84780.252483871
2025-01-01,9312965.939999999,2674608.352000000,11,11,11,31,67.300000000,300418.256129032,86277.688774194
2025-02-01,8307077.260000001,2397788.357000000,11,11,11,28,64.820000000,296681.330714286,85635.298464286
2025-03-01,8909933.830000000,2612299.392000000,11,11,11,31,61.310000000,287417.220322581,84267.722322581
2025-04-01,8924502.910000000,2569412.238000000,11,11,11,30,56.330000000,297483.430333333,85647.074600000
2025-05-01,9096875.210000001,2637465.705000000,11,11,11,31,55.060000000,293447.587419355,85079.538870968
2025-06-01,8835874.970000001,2567954.523000000,11,11,11,30,60.520000000,294529.165666667,85598.484100000
2025-07-01,2472683.210000000,1186486.503000000,11,11,11,31,58.030000000,79763.974516129,38273.758161290
2025-08-01,9071187.123000000,2670603.589000000,11,11,11,31,58.530000000,292618.939451613,86148.502870968
2025-09-01,8876740.670000002,2589354.157000000,11,11,11,30,57.690000000,295891.355666667,86311.805233333
2025-10-01,9167422.600000001,2665894.589000000,11,11,11,31,55.480000000,295723.309677419,85996.599645161
2025-11-01,8710164.480000000,2520788.652000000,11,11,11,30,53.270000000,290338.816000000,84026.288400000
2025-12-01,8983198.720000001,2616593.214000000,11,11,11,31,51.920000000,289780.603870968,84406.232709677
2026-01-01,8984302.510000000,2585762.060000000,11,11,11,31,53.100000000,289816.210000000,83411.679354839
2026-02-01,8007416.000000000,2286239.339000000,11,11,11,28,57.060000000,285979.142857143,81651.404964286
2026-03-01,8848469.640000001,2584938.988000000,11,11,11,31,85.220000000,285434.504516129,83385.128645161
2026-04-01,8413712.969999999,2637748.211000000,11,11,11,30,89.440000000,280457.099000000,87924.940366667
2026-05-01,8799366.900000000,2805458.869000000,11,11,11,31,93.120000000,283850.545161290,90498.673193548
2026-06-01,8525683.780000001,2700283.096000000,11,11,11,30,79.030000000,284189.459333333,90009.436533333
2026-07-01,8826253.260000000,2778206.409000000,11,11,11,31,74.310000000,284717.847096774,89619.561580645
2026-08-01,8878832.439999999,2746847.399000000,11,11,11,31,,286413.949677419,88607.980612903
