Activo,Nombre,Catalogo_faltante,Etiqueta,Grupo_volumen
AM,Amistad,0,AM | Amistad,Resto de activos
AP,Apaika,0,AP | Apaika,Resto de activos
AU,Auca,0,AU | Auca,SA + AU + SH
CU,Cuyabeno,0,CU | Cuyabeno,Resto de activos
EY,Edén Yuturi,0,EY | Edén Yuturi,Resto de activos
IN,Indillana,0,IN | Indillana,Resto de activos
ITT,Ishpingo-Tiputini-Tambococha,0,ITT | Ishpingo-Tiputini-Tambococha,Resto de activos
LA,Lago Agrio,0,LA | Lago Agrio,Resto de activos
LI,Libertador,0,LI | Libertador,Resto de activos
OY,Oso Yuralpa,0,OY | Oso Yuralpa,Resto de activos
PA,Palo Azul,0,PA | Palo Azul,Resto de activos
SA,Sacha,0,SA | Sacha,SA + AU + SH
SH,Shushufindi,0,SH | Shushufindi,SA + AU + SH
AB16,AB16 (sin catálogo),1,AB16 | AB16 (sin catálogo),Resto de activos
AV,Amazonia Viva,0,AV | Amazonia Viva,Resto de activos
AIT,Amo-Iro-Tivacuno,0,AIT | Amo-Iro-Tivacuno,Resto de activos
