Mes,Cambio_crudo,Cambio_precio
2022-02-01,0.041445935,0.090698274
2022-03-01,0.047993803,0.185683912
2022-04-01,0.000771897,-0.056584977
2022-05-01,-0.002969684,0.069799366
2022-06-01,-0.176268214,0.030500444
2022-07-01,0.186744658,-0.162260536
2022-08-01,0.024533712,-0.047793277
2022-09-01,-0.002953210,-0.068203650
2022-10-01,0.005606238,0.037500000
2022-11-01,-0.010894817,-0.063967209
2022-12-01,0.008774523,-0.081740977
2023-01-01,0.004278609,-0.059104046
2023-02-01,-0.096038065,-0.013976348
2023-03-01,-0.004570074,-0.053582555
2023-04-01,0.075835651,0.131007242
2023-05-01,0.006572041,-0.106955763
2023-06-01,0.003337846,-0.053609255
2023-07-01,0.015159562,0.129132231
2023-08-01,0.013339207,0.138304361
2023-09-01,0.006111810,0.108238446
2023-10-01,-0.001347228,-0.053668560
2023-11-01,0.015476806,-0.088006131
2023-12-01,-0.009759931,-0.100140056
2024-01-01,0.016981358,0.016964981
2024-02-01,-0.017780876,0.070860116
2024-03-01,-0.009836191,0.051450622
2024-04-01,-0.003626510,0.055049613
2024-05-01,-0.006068010,-0.074336511
2024-06-01,-0.098515331,0.004036187
2024-07-01,0.053437486,0.032852786
2024-08-01,0.020050186,-0.085626090
2024-09-01,-0.020277106,-0.085131367
2024-10-01,0.005306788,0.048130916
2024-11-01,0.006328035,-0.068881065
2024-12-01,0.008890907,0.021371034
2025-01-01,0.002519997,0.083212619
2025-02-01,-0.012439076,-0.036849926
2025-03-01,-0.031225795,-0.054149954
2025-04-01,0.035022989,-0.081226554
2025-05-01,-0.013566614,-0.022545713
2025-06-01,0.003685763,0.099164548
2025-07-01,-0.729181406,-0.041143424
2025-08-01,2.668560164,0.008616233
2025-09-01,0.011183200,-0.014351615
2025-10-01,-0.000567931,-0.038308199
2025-11-01,-0.018207877,-0.039834174
2025-12-01,-0.001922623,-0.025342594
2026-01-01,0.000122873,0.022727273
2026-02-01,-0.013239657,0.074576271
2026-03-01,-0.001904469,0.493515598
2026-04-01,-0.017437995,0.049518892
2026-05-01,0.012099698,0.041144902
2026-06-01,0.001193988,-0.151310137
2026-07-01,0.001859280,-0.059724155
