Mes,Crudo_bbl,Dias_mes,N_activos
2022-01-01,8792484.219999999,31,11
2022-02-01,8270745.630000001,28,11
2022-03-01,9596371.260000000,31,11
2022-04-01,9293979.359999999,30,11
2022-05-01,9575258.480000000,31,11
2022-06-01,7633011.070000000,30,11
2022-07-01,9360382.949999999,31,11
2022-08-01,9590027.890000001,31,11
2022-09-01,9253264.380000001,30,11
2022-10-01,9615311.730000000,31,11
2022-11-01,9203762.580000000,30,11
2022-12-01,9594005.250000000,31,11
2023-01-01,9635054.250000000,31,11
2023-02-01,7866845.930000000,28,11
2023-03-01,8669918.199999999,31,11
2023-04-01,9026522.989999998,30,11
2023-05-01,9388707.189999998,31,11
2023-06-01,9116172.819999998,30,11
2023-07-01,9562849.010000000,31,11
2023-08-01,9690409.830000000,31,11
2023-09-01,9435131.390000001,30,11
2023-10-01,9736500.789999999,31,11
2023-11-01,9568249.090000000,30,11
2023-12-01,9790692.425000001,31,11
2024-01-01,9956951.680000000,31,11
2024-02-01,9148946.529999999,29,11
2024-03-01,9683711.310000001,31,11
2024-04-01,9337348.289999999,30,11
2024-05-01,9590045.470000001,31,11
2024-06-01,8366399.000000001,30,11
2024-07-01,9107260.939999999,31,11
2024-08-01,9289863.220000001,31,11
2024-09-01,8807895.170000000,30,11
2024-10-01,9149791.359999999,31,11
2024-11-01,8910669.250000000,30,11
2024-12-01,9289556.289999999,31,11
2025-01-01,9312965.939999999,31,11
2025-02-01,8307077.260000001,28,11
2025-03-01,8909933.830000000,31,11
2025-04-01,8924502.910000000,30,11
2025-05-01,9096875.210000001,31,11
2025-06-01,8835874.970000001,30,11
2025-07-01,2472683.210000000,31,11
2025-08-01,9071187.123000000,31,11
2025-09-01,8876740.670000002,30,11
2025-10-01,9167422.600000000,31,11
2025-11-01,8710164.480000000,30,11
2025-12-01,8983198.720000001,31,11
2026-01-01,8984302.510000000,31,11
2026-02-01,8007416.000000000,28,11
2026-03-01,8848469.640000001,31,11
2026-04-01,8413712.969999999,30,11
2026-05-01,8799366.900000000,31,11
2026-06-01,8525683.780000001,30,11
2026-07-01,8826253.260000000,31,11
2026-08-01,8878832.439999999,31,11
