Activo,N_2026,N_2025,Bpd_2026,Bpd_2025,Cambio_pct,Cambio_bpd,Resultado,Prioridad
IN,8,8,12555.692139918,13393.361111111,-0.062543596,-837.668971193,Descenso,1 · Investigar caída
AV,8,8,22.618888889,26.417119342,-0.143779131,-3.798230453,Descenso,2 · Vigilar descenso
AM,8,8,27.584897119,28.546144033,-0.033673442,-0.961246914,Descenso,2 · Vigilar descenso
AU,8,8,61618.656296296,60748.374526749,0.014326009,870.281769547,Aumento,4 · Seguir evolución
CU,8,8,17751.069012346,16522.991728395,0.074325359,1228.077283951,Aumento,4 · Seguir evolución
ITT,8,8,41540.465263374,40126.357320988,0.035241373,1414.107942387,Aumento,4 · Seguir evolución
PA,8,8,13002.011810700,11340.791851852,0.146481831,1661.219958848,Aumento,4 · Seguir evolución
LI,8,8,10411.597407407,8634.504732510,0.205812925,1777.092674897,Aumento,4 · Seguir evolución
EY,8,8,29269.917152263,27464.491662551,0.065736716,1805.425489712,Aumento,4 · Seguir evolución
LA,8,8,12178.456831276,10248.306995885,0.188338409,1930.149835391,Aumento,4 · Seguir evolución
OY,8,8,20640.584732510,17771.532839506,0.161440880,2869.051893004,Aumento,4 · Seguir evolución
AP,8,8,6766.376884774,3415.151962963,0.981281348,3351.224921811,Aumento,3 · Sostener aumento
SA,8,8,71535.540288066,67760.070823045,0.055718204,3775.469465021,Aumento,3 · Sostener aumento
SH,8,8,54894.266790123,50055.026748971,0.096678403,4839.240041152,Aumento,3 · Sostener aumento
