Activo,Mes_numero,Crudo_2025,Crudo_2026,Dias_mes,Mes_nombre
AM,1,972.360000000,883.950000000,31,ene
AM,2,866.030000000,837.560000000,28,feb
AM,3,855.060000000,933.670000000,31,mar
AM,4,829.770000000,817.520000000,30,abr
AM,5,857.420000000,810.100000000,31,may
AM,6,830.250000000,783.060000000,30,jun
AM,7,858.840000000,816.210000000,31,jul
AM,8,866.983000000,821.060000000,31,ago
AP,1,106484.548000000,179228.495000000,31,ene
AP,2,99610.664000000,172382.190000000,28,feb
AP,3,118982.009000000,212140.191000000,31,mar
AP,4,111923.520000000,212970.395000000,30,abr
AP,5,113743.616000000,233289.273000000,31,may
AP,6,114321.964000000,211028.326000000,30,jun
AP,7,41306.829000000,200613.065000000,31,jul
AP,8,123508.777000000,222577.648000000,31,ago
AU,1,2247467.370000000,1916126.740000000,31,ene
AU,2,1947418.440000000,1728971.740000000,28,feb
AU,3,1888414.480000000,1901654.550000000,31,mar
AU,4,2147769.910000000,1774268.150000000,30,abr
AU,5,2130009.310000000,1863505.010000000,31,may
AU,6,2087218.160000000,1839870.010000000,30,jun
AU,7,225089.030000000,1965232.630000000,31,jul
AU,8,2088468.310000000,1983704.650000000,31,ago
AV,1,1224.580000000,303.900000000,31,ene
AV,2,736.150000000,647.560000000,28,feb
AV,3,820.300000000,807.660000000,31,mar
AV,4,857.620000000,698.220000000,30,abr
AV,5,703.650000000,797.880000000,31,may
AV,6,905.010000000,94.440000000,30,jun
AV,7,264.710000000,1126.570000000,31,jul
AV,8,907.340000000,1020.160000000,31,ago
CU,1,586412.470000000,572662.770000000,31,ene
CU,2,498765.550000000,511769.880000000,28,feb
CU,3,546618.390000000,556590.600000000,31,mar
CU,4,544317.850000000,524620.980000000,30,abr
CU,5,577880.830000000,541316.120000000,31,may
CU,6,562849.540000000,515021.030000000,30,jun
CU,7,114268.610000000,542507.140000000,31,jul
CU,8,583973.750000000,549021.250000000,31,ago
EY,1,924267.160000000,959719.607000000,31,ene
EY,2,839314.978000000,882545.668000000,28,feb
EY,3,922677.011000000,936191.222000000,31,mar
EY,4,910386.847000000,885397.779000000,30,abr
EY,5,933337.420000000,905937.807000000,31,may
EY,6,898115.247000000,847701.789000000,30,jun
EY,7,315694.613000000,860214.863000000,31,jul
EY,8,930078.198000000,834881.133000000,31,ago
IN,1,495286.480000000,401271.460000000,31,ene
IN,2,440642.100000000,335846.510000000,28,feb
IN,3,463964.420000000,380646.030000000,31,mar
IN,4,422560.650000000,353073.500000000,30,abr
IN,5,421957.360000000,393038.420000000,31,may
IN,6,414566.800000000,386645.790000000,30,jun
IN,7,166845.340000000,396930.300000000,31,jul
IN,8,428763.600000000,403581.180000000,31,ago
ITT,1,1398446.572000000,1379087.338000000,31,ene
ITT,2,1247919.348000000,1200992.772000000,28,feb
ITT,3,1365892.450000000,1318031.037000000,31,mar
ITT,4,1312849.483000000,1234090.996000000,30,abr
ITT,5,1339731.684000000,1271492.070000000,31,may
ITT,6,1312541.139000000,1217304.885000000,30,jun
ITT,7,430583.188000000,1230702.472000000,31,jul
ITT,8,1342740.965000000,1242631.489000000,31,ago
LA,1,328309.880000000,332043.630000000,31,ene
LA,2,296080.840000000,297146.680000000,28,feb
LA,3,327223.930000000,321048.750000000,31,mar
LA,4,325494.770000000,324893.850000000,30,abr
LA,5,356445.350000000,382546.860000000,31,may
LA,6,347588.880000000,390126.720000000,30,jun
LA,7,145862.290000000,459870.860000000,31,jul
LA,8,363332.660000000,451687.660000000,31,ago
LI,1,286772.840000000,341893.830000000,31,ene
LI,2,249664.280000000,309441.770000000,28,feb
LI,3,294391.860000000,331843.750000000,31,mar
LI,4,278878.530000000,300343.530000000,30,abr
LI,5,281357.110000000,307194.960000000,31,may
LI,6,256562.200000000,299296.580000000,30,jun
LI,7,137679.530000000,319365.150000000,31,jul
LI,8,312878.300000000,320638.600000000,31,ago
OY,1,594227.790000000,636207.640000000,31,ene
OY,2,544737.020000000,544644.190000000,28,feb
OY,3,597752.070000000,648170.840000000,31,mar
OY,4,573776.420000000,625333.570000000,30,abr
OY,5,582366.480000000,645881.630000000,31,may
OY,6,570818.760000000,631255.370000000,30,jun
OY,7,247165.620000000,648169.570000000,31,jul
OY,8,607638.320000000,635999.280000000,31,ago
PA,1,377076.760000000,407459.650000000,31,ene
PA,2,345817.280000000,356706.440000000,28,feb
PA,3,384679.920000000,386668.650000000,31,mar
PA,4,368919.770000000,380877.520000000,30,abr
PA,5,390990.370000000,399933.190000000,31,may
PA,6,375049.430000000,387323.230000000,30,jun
PA,7,100086.610000000,417117.100000000,31,jul
PA,8,413192.280000000,423403.090000000,31,ago
SA,1,2295551.590000000,2189761.030000000,31,ene
SA,2,2092321.570000000,1963277.280000000,28,feb
SA,3,2325706.160000000,2175599.100000000,31,mar
SA,4,2252290.160000000,2121919.030000000,30,abr
SA,5,2324643.610000000,2236968.320000000,31,may
SA,6,2243001.480000000,2189453.710000000,30,jun
SA,7,693105.000000000,2244584.760000000,31,jul
SA,8,2239077.640000000,2261573.060000000,31,ago
SH,1,1740092.770000000,1761738.640000000,31,ene
SH,2,1544451.260000000,1589161.750000000,28,feb
SH,3,1654882.320000000,1693367.280000000,31,mar
SH,4,1654204.320000000,1639284.680000000,30,abr
SH,5,1662784.840000000,1690263.260000000,31,may
SH,6,1612967.510000000,1635255.620000000,30,jun
SH,7,617208.290000000,1670789.880000000,31,jul
SH,8,1676780.190000000,1659445.720000000,31,ago
