"Período","Precio Petróleo Crudo Ecuatoriano en USD por Barril"
"2021-01-01 00:00:00",48.6
"2021-02-01 00:00:00",55.61
"2021-03-01 00:00:00",58.72
"2021-04-01 00:00:00",57.24
"2021-05-01 00:00:00",61.52
"2021-06-01 00:00:00",67.29
"2021-07-01 00:00:00",66.84
"2021-08-01 00:00:00",61.14
"2021-09-01 00:00:00",64.74
"2021-10-01 00:00:00",75.2
"2021-11-01 00:00:00",68.49
"2021-12-01 00:00:00",60.28
"2022-01-01 00:00:00",77.62
"2022-02-01 00:00:00",84.66
"2022-03-01 00:00:00",100.38
"2022-04-01 00:00:00",94.7
"2022-05-01 00:00:00",101.31
"2022-06-01 00:00:00",104.4
"2022-07-01 00:00:00",87.46
"2022-08-01 00:00:00",83.28
"2022-09-01 00:00:00",77.6
"2022-10-01 00:00:00",80.51
"2022-11-01 00:00:00",75.36
"2022-12-01 00:00:00",69.2
"2023-01-01 00:00:00",65.11
"2023-02-01 00:00:00",64.2
"2023-03-01 00:00:00",60.76
"2023-04-01 00:00:00",68.72
"2023-05-01 00:00:00",61.37
"2023-06-01 00:00:00",58.08
"2023-07-01 00:00:00",65.58
"2023-08-01 00:00:00",74.65
"2023-09-01 00:00:00",82.73
"2023-10-01 00:00:00",78.29
"2023-11-01 00:00:00",71.4
"2023-12-01 00:00:00",64.25
"2024-01-01 00:00:00",65.34
"2024-02-01 00:00:00",69.97
"2024-03-01 00:00:00",73.57
"2024-04-01 00:00:00",77.62
"2024-05-01 00:00:00",71.85
"2024-06-01 00:00:00",72.14
"2024-07-01 00:00:00",74.51
"2024-08-01 00:00:00",68.13
"2024-09-01 00:00:00",62.33
"2024-10-01 00:00:00",65.33
"2024-11-01 00:00:00",60.83
"2024-12-01 00:00:00",62.13
"2025-01-01 00:00:00",67.3
"2025-02-01 00:00:00",64.82
"2025-03-01 00:00:00",61.31
"2025-04-01 00:00:00",56.33
"2025-05-01 00:00:00",55.06
"2025-06-01 00:00:00",60.52
"2025-07-01 00:00:00",58.03
"2025-08-01 00:00:00",58.53
"2025-09-01 00:00:00",57.69
"2025-10-01 00:00:00",55.48
"2025-11-01 00:00:00",53.27
"2025-12-01 00:00:00",51.92
"2026-01-01 00:00:00",53.1
"2026-02-01 00:00:00",57.06
"2026-03-01 00:00:00",85.22
"2026-04-01 00:00:00",89.44
"2026-05-01 00:00:00",93.12
"2026-06-01 00:00:00",79.03
"2026-07-01 00:00:00",74.31